Workbook

Sheet 2025English
A1: No. | B1: Time | C1: Monday | D1: Tuesday | E1: Wednesday | F1: Thursday | G1: Friday
A2: 1st Session | B2: 8:30-10:00 | C2: CSIE_1 Aaron Chandler, A303 CSIE_2 Li Haonan, A304 CSIE_3 You Mei, A305 CSIE_4 Angela Dekenah, A306 CSIE_11 Chen Jieqi, A311 CSIE_13 Li Jingwen, A312 | D2: DTLE_5 Aaron Chandler, A305 DTLE_6 Wang Ying, A306 DTLE_7 Li Haonan, A311 DTLE_8 Angela Dekenah, A312 DTLE_9 Ma Lishan, A313 DTLE_10 Qin Qian, A314 | E2: CSIE_1 Aaron Chandler, A304 CSIE_2 Li Haonan, A305 CSIE_3 You Mei, A306 CSIE_4 Angela Dekenah, A311 CSIE_11 Chen Jieqi, A312 CSIE_13 Li Jingwen, A313 | F2: DTLE_5 Aaron Chandler, A305 DTLE_6 Wang Ying, A306 DTLE_7 Li Haonan, A311 DTLE_8 Angela Dekenah, A312 DTLE_9 Ma Lishan, A313 DTLE_10 Qin Qian, A314
A3: 2nd Session | B3: 10:15-11:45
A4: Lunch | B4: 11:45-14:30
A5: 3rd Session | B5: 14:30-16:00 | C5: DTLE_1 Aaron Chandler, A301 DTLE_2 Li Haonan, A302 DTLE_3 You Mei, A303 DTLE_4 Angela Dekenah, A304 DTLE_11 Ma Lishan, A305 DTLE_12 Chen Jieqi, A306 DTLE_13 Li Jingwen, A311 | D5: CSIE_5 Aaron Chandler, A301 CSIE_6 Wang Ying, A302 CSIE_7 Li Haonan, A303 CSIE_8 You Mei, A304 CSIE_9 Ma Lishan, A305 CSIE_10 Qin Qian, A306 CSIE_12 Chen Jieqi, A311 | E5: DTLE_1 Aaron Chandler, A301 DTLE_2 Li Haonan, A302 DTLE_3 You Mei, A303 DTLE_4 Angela Dekenah, A304 DTLE_11 Ma Lishan, A305 DTLE_12 Chen Jieqi, A306 DTLE_13 Li Jingwen, A311 | F5: CSIE_5 Aaron Chandler, A301 CSIE_6 Wang Ying, A302 CSIE_7 Li Haonan, A303 CSIE_8 You Mei, A304 CSIE_9 Ma Lishan, A305 CSIE_10 Qin Qian, A306 CSIE_12 Chen Jieqi, A311
A6: 4th Session | B6: 16:15-17:45
A7: Dinner | B7: 17:45-18:35
A8: 5th Session | B8: 18:35-20:05
A9: 6th Session | B9: 20:15-21:45

Sheet 2025German
A1: No. | B1: Time | C1: Monday | D1: Tuesday | E1: Wednesday | F1: Thursday | G1: Friday
A2: 1st Session | B2: 8:30-10:00
A3: 2nd Session | B3: 10:15-11:45 | C3: 2025CS&2025IE G1 Jonathan Köstlin, A301 G2 Cen Shan, A302 G3 Maria Rauscher, A303 G4 Lei Lei, A304 G5 Chiara Bruno, A305 G9 Xu Zhonghai, A306 G12 Hong Yaping, A311 | D3: 2025DT&2025LE G6 Jonathan Köstlin, A301 G7 Xu Zhonghai, A302 G8 Hong Yaping, A303 G10 Chiara Bruno, A304 G11 Cen Shan, A305 G13 Xiao Qian, A306 | E3: 2025CS&2025IE G1 Cai Ziwei, A301 G2 Jonathan Köstlin, A302 G3 Xiao Qian, A303 G4 Maria Rauscher, A304 G5 Lu Chunlin, A305 G9 Chiara Bruno, A306 G12 Hong Yaping, A311 | F3: 2025DT&2025LE G6 Gao Zongwen, A301 G7 Jonathan Köstlin, A302 G8 Maria Rauscher, A303 G10 OU Siming, A304 G11 Chiara Bruno, A305 G13 Xiao Qian, A306 | G3: 2025CS&2025IE G1 Cai Ziwei, A301 G2 Cen Shan, A302 G3 Xiao Qian, A303 G4 Lei Lei, A304 G5 Lu Chunlin, A305 G9 Xu Zhonghai, A306 G12 Hong Yaping, A311
A4: Lunch | B4: 11:45-14:30
A5: 3rd Session | B5: 14:30-16:00
A6: 4th Session | B6: 16:15-17:45 | C6: 2025DT&2025LE G6 Jonathan Köstlin, A301 G7 Xu Zhonghai, A302 G8 Hong Yaping, A303 G10 OU Siming, A304 G11 Cen Shan, A305 G13 Xiao Qian, A306 | D6: 2025CS&2025IE G1 Jonathan Köstlin, A301 G2 Cen Shan, A302 G3 Maria Rauscher, A303 G4 Lei Lei, A304 G5 Chiara Bruno, A305 G9 Xu Zhonghai, A306 G12 Hong Yaping, A311 | E6: 2025DT&2025LE G6 Gao Zongwen, A301 G7 Jonathan Köstlin, A302 G8 Maria Rauscher, A303 G10 Ou Siming, A304 G11 Cen Shan, A305 G13 Chiara Bruno, A306 | F6: 2025CS&2025IE G1 Cai Ziwei, A301 G2 Jonathan Köstlin, A302 G3 Xiao Qian, A303 G4 Maria Rauscher, A304 G5 Lu Chunlin, A305 G9 Xu Zhonghai, A306 G12 Chiara Bruno, A311 | G6: 2025DT&2025LE G6 Gao Zongwen, A301 G7 Xu Zhonghai, A302 G8 Hong Yaping, A303 G10 Ou Siming, A304 G11 Cen Shan, A305 G13 Xiao Qian, A306
A7: Dinner | B7: 17:45-18:35
A8: 5th Session | B8: 18:35-20:05
A9: 6th Session | B9: 20:15-21:45

Sheet 2025CS1
A2: week | B2: date | C2: 1st Session | F2: 2nd Session | I2: 3rd Session | L2: 4th Session | O2: 5th Session | R2: 6th Session
C3: 8:30-10:00 | F3: 10:15-11:45 | I3: 14:30-16:00 | L3: 16:15-17:45 | O3: 18:35-20:05 | R3: 20:15-21:45
A4: 1 | B4: 2 Mar. | C4: English | F4: German | I4: Introduction to Project Work | J4: LI Yinggang | K4: B110 | L4: Introduction to Project Work | M4: LI Yinggang | N4: B110 | X4: Required TH | Y4: Required Sessions | Z4: Scheduled Sessions
B5: 3 Mar. | I5: English | L5: German | V5: Algorithms & Data Structures | W5: Umer Zukaib | X5: 60 | Y5: ==X5/2 -> 30 | Z5: ==COUNTIFS($C$4:$T$150,W5) -> 30
B6: 4 Mar. | C6: English | F6: German | I6: Inroduction to Scientific Work | J6: WANG Guangyu | K6: B306 | L6: Inroduction to Scientific Work | M6: WANG Guangyu | N6: B306 | V6: Mathematics II | W6: WANG Ruihua | X6: 64 | Y6: ==X6/2 -> 32 | Z6: ==COUNTIFS($C$4:$T$150,W6) -> 32
B7: 5 Mar. | C7: Mathematics II | D7: WANG Ruihua | E7: B110 | F7: Mathematics II | G7: WANG Ruihua | H7: B110 | I7: English | L7: German | V7: Programming II (OOP with Python) | W7: ZENG Zhuoqi | X7: 30 | Y7: ==X7/2 -> 15 | Z7: ==COUNTIFS($C$4:$T$150,W7) -> 15
B8: 6 Mar. | F8: German | L8: Introduction to Project Work | M8: LI Yinggang | N8: B110 | V8: Programming II (OOP with Python) | W8: LUO Keyuan | X8: 30 | Y8: ==X8/2 -> 15 | Z8: ==COUNTIFS($C$4:$T$150,W8) -> 15
B9: 7 Mar. | V9: Introduction to Project Work | W9: LI Yinggang | X9: 48 | Y9: ==X9/2 -> 24 | Z9: ==COUNTIFS($C$4:$T$150,W9) -> 24
B10: 8 Mar. | V10: Inroduction to Scientific Work | W10: WANG Guangyu | X10: 48 | Y10: ==X10/2 -> 24 | Z10: ==COUNTIFS($C$4:$T$150,W10) -> 24
A11: 2 | B11: 9 Mar. | C11: English | F11: German | I11: Introduction to Project Work | J11: LI Yinggang | K11: B110 | L11: Introduction to Project Work | M11: LI Yinggang | N11: B110 | V11: German | X11: 180 | Y11: ==X11/2 -> 90 | Z11: ==COUNTIFS($C$4:$T$150,V11) -> 90
B12: 10 Mar. | I12: English | L12: German | V12: English | X12: 60 | Y12: ==X12/2 -> 30 | Z12: ==COUNTIFS($C$4:$T$150,V12) -> 61
B13: 11 Mar. | C13: English | F13: German | I13: Inroduction to Scientific Work | J13: WANG Guangyu | K13: B306 | L13: Inroduction to Scientific Work | M13: WANG Guangyu | N13: B306
B14: 12 Mar. | C14: Mathematics II | D14: WANG Ruihua | E14: B110 | F14: Mathematics II | G14: WANG Ruihua | H14: B110 | I14: English | L14: German
B15: 13 Mar. | F15: German | L15: Introduction to Project Work | M15: LI Yinggang | N15: B110
B16: 14 Mar.
B17: 15 Mar.
A18: 3 | B18: 16 Mar. | C18: English | F18: German | I18: Introduction to Project Work | J18: LI Yinggang | K18: B110 | L18: Introduction to Project Work | M18: LI Yinggang | N18: B110
B19: 17 Mar. | C19: Algorithms & Data Structures | D19: Umer Zukaib | E19: B409 | F19: Algorithms & Data Structures | G19: Umer Zukaib | H19: B409 | I19: English | L19: German
B20: 18 Mar. | C20: English | F20: German | I20: Inroduction to Scientific Work | J20: WANG Guangyu | K20: B306 | L20: Inroduction to Scientific Work | M20: WANG Guangyu | N20: B306
B21: 19 Mar. | C21: Mathematics II | D21: WANG Ruihua | E21: B110 | F21: Mathematics II | G21: WANG Ruihua | H21: B110 | I21: English | L21: German
B22: 20 Mar. | F22: German | L22: Introduction to Project Work | M22: LI Yinggang | N22: B110
B23: 21 Mar.
B24: 22 Mar.
A25: 4 | B25: 23 Mar. | C25: English | F25: German | I25: Introduction to Project Work | J25: LI Yinggang | K25: B110 | L25: Introduction to Project Work | M25: LI Yinggang | N25: B110
B26: 24 Mar. | C26: Algorithms & Data Structures | D26: Umer Zukaib | E26: B409 | F26: Algorithms & Data Structures | G26: Umer Zukaib | H26: B409 | I26: English | L26: German
B27: 25 Mar. | C27: English | F27: German | I27: Inroduction to Scientific Work | J27: WANG Guangyu | K27: B306 | L27: Inroduction to Scientific Work | M27: WANG Guangyu | N27: B306
B28: 26 Mar. | C28: Mathematics II | D28: WANG Ruihua | E28: B110 | F28: Mathematics II | G28: WANG Ruihua | H28: B110 | I28: English | L28: German
B29: 27 Mar. | F29: German | L29: Introduction to Project Work | M29: LI Yinggang | N29: B110
B30: 28 Mar.
B31: 29 Mar.
A32: 5 | B32: 30 Mar. | C32: English | F32: German | I32: Introduction to Project Work | J32: LI Yinggang | K32: B110 | L32: Introduction to Project Work | M32: LI Yinggang | N32: B110
B33: 31 Mar. | C33: Algorithms & Data Structures | D33: Umer Zukaib | E33: B409 | F33: Algorithms & Data Structures | G33: Umer Zukaib | H33: B409 | I33: English | L33: German
B34: 1 Apr. | C34: English | F34: German | I34: Inroduction to Scientific Work | J34: WANG Guangyu | K34: B306 | L34: Inroduction to Scientific Work | M34: WANG Guangyu | N34: B306
B35: 2 Apr. | C35: Mathematics II | D35: WANG Ruihua | E35: B110 | F35: Mathematics II | G35: WANG Ruihua | H35: B110 | I35: English | L35: German
B36: 3 Apr. | F36: German | L36: Introduction to Project Work | M36: LI Yinggang | N36: B110
B37: 4 Apr. | C37: Holiday
B38: 5 Apr.
A39: 6 | B39: 6 Apr.
B40: 7 Apr. | C40: Algorithms & Data Structures | D40: Umer Zukaib | E40: B409 | F40: Algorithms & Data Structures | G40: Umer Zukaib | H40: B409 | I40: English | L40: German
B41: 8 Apr. | C41: English | F41: German | I41: Inroduction to Scientific Work | J41: WANG Guangyu | K41: B306 | L41: Inroduction to Scientific Work | M41: WANG Guangyu | N41: B306
B42: 9 Apr. | C42: Mathematics II | D42: WANG Ruihua | E42: B110 | F42: Mathematics II | G42: WANG Ruihua | H42: B110 | I42: English | L42: German
B43: 10 Apr. | F43: German | L43: Introduction to Project Work | M43: LI Yinggang
B44: 11 Apr.
B45: 12 Apr.
A46: 7 | B46: 13 Apr. | C46: English | F46: German | I46: Introduction to Project Work | J46: LI Yinggang | K46: B110 | L46: Introduction to Project Work | M46: LI Yinggang | N46: B110
B47: 14 Apr. | C47: Algorithms & Data Structures | D47: Umer Zukaib | E47: B409 | F47: Algorithms & Data Structures | G47: Umer Zukaib | H47: B409 | I47: English | L47: German
B48: 15 Apr. | C48: English | F48: German | I48: Inroduction to Scientific Work | J48: WANG Guangyu | K48: B306 | L48: Inroduction to Scientific Work | M48: WANG Guangyu | N48: B306
B49: 16 Apr. | C49: Mathematics II | D49: WANG Ruihua | E49: B110 | F49: Mathematics II | G49: WANG Ruihua | H49: B110 | I49: English | L49: German
B50: 17 Apr. | F50: German | L50: Introduction to Project Work | M50: LI Yinggang | N50: B110
B51: 18 Apr.
B52: 19 Apr.
A53: 8 | B53: 20 Apr. | C53: English | F53: German | I53: Introduction to Project Work | J53: LI Yinggang | K53: B110 | L53: Introduction to Project Work | M53: LI Yinggang | N53: B110
B54: 21 Apr. | C54: Algorithms & Data Structures | D54: Umer Zukaib | E54: B409 | F54: Algorithms & Data Structures | G54: Umer Zukaib | H54: B409 | I54: English | L54: German
B55: 22 Apr. | C55: English | F55: German | I55: Inroduction to Scientific Work | J55: WANG Guangyu | K55: B306 | L55: Inroduction to Scientific Work | M55: WANG Guangyu | N55: B306
B56: 23 Apr. | C56: Mathematics II | D56: WANG Ruihua | E56: B110 | F56: Mathematics II | G56: WANG Ruihua | H56: B110 | I56: English | L56: German
B57: 24 Apr. | F57: German | L57: Introduction to Project Work | M57: LI Yinggang | N57: B110
B58: 25 Apr.
B59: 26 Apr.
A60: 9 | B60: 27 Apr. | C60: English | F60: German | I60: Introduction to Project Work | J60: LI Yinggang | K60: B110 | L60: Introduction to Project Work | M60: LI Yinggang | N60: B110
B61: 28 Apr. | C61: Algorithms & Data Structures | D61: Umer Zukaib | E61: B409 | F61: Algorithms & Data Structures | G61: Umer Zukaib | H61: B409 | I61: English | L61: German
B62: 29 Apr. | C62: English | F62: German
B63: 30 Apr. | C63: Mathematics II | D63: WANG Ruihua | E63: B110 | F63: Mathematics II | G63: WANG Ruihua | H63: B110 | I63: English | L63: German
B64: 1 May | C64: Holiday
B65: 2 May
B66: 3 May
A67: 10 | B67: 4 May
B68: 5 May
B69: 6 May | C69: English | F69: German
B70: 7 May | I70: English | L70: German
B71: 8 May | F71: German
B72: 9 May
B73: 10 May
A74: 11 | B74: 11 May | C74: English | F74: German | I74: Programming II (OOP with Python) | J74: ZENG Zhuoqi | K74: B105 | L74: Programming II (OOP with Python) | M74: ZENG Zhuoqi | N74: B105
B75: 12 May | C75: Algorithms & Data Structures | D75: Umer Zukaib | E75: B409 | F75: Algorithms & Data Structures | G75: Umer Zukaib | H75: B409 | I75: English | L75: German
B76: 13 May | C76: English | F76: German | I76: Programming II (OOP with Python) | J76: LUO Keyuan | K76: B111 | L76: Programming II (OOP with Python) | M76: LUO Keyuan | N76: B111
B77: 14 May | C77: Mathematics II | D77: WANG Ruihua | E77: B110 | F77: Mathematics II | G77: WANG Ruihua | H77: B110 | I77: English | L77: German
B78: 15 May | C78: Inroduction to Scientific Work | D78: WANG Guangyu | E78: B410 | F78: German
B79: 16 May
B80: 17 May
A81: 12 | B81: 18 May | C81: English | F81: German | I81: Programming II (OOP with Python) | J81: ZENG Zhuoqi | K81: B105 | L81: Programming II (OOP with Python) | M81: ZENG Zhuoqi | N81: B105
B82: 19 May | C82: Algorithms & Data Structures | D82: Umer Zukaib | E82: B409 | F82: Algorithms & Data Structures | G82: Umer Zukaib | H82: B409 | I82: English | L82: German
B83: 20 May | C83: English | F83: German | I83: Programming II (OOP with Python) | J83: LUO Keyuan | K83: B111 | L83: Programming II (OOP with Python) | M83: LUO Keyuan | N83: B111
B84: 21 May | C84: Mathematics II | D84: WANG Ruihua | E84: B110 | F84: Mathematics II | G84: WANG Ruihua | H84: B110 | I84: English | L84: German
B85: 22 May | C85: Inroduction to Scientific Work | D85: WANG Guangyu | E85: B410 | F85: German
B86: 23 May
B87: 24 May
A88: 13 | B88: 25 May | C88: English | F88: German | I88: Programming II (OOP with Python) | J88: ZENG Zhuoqi | K88: B105 | L88: Programming II (OOP with Python) | M88: ZENG Zhuoqi | N88: B105
B89: 26 May | C89: Algorithms & Data Structures | D89: Umer Zukaib | E89: B409 | F89: Algorithms & Data Structures | G89: Umer Zukaib | H89: B409 | I89: English | L89: German
B90: 27 May | C90: English | F90: German | I90: Programming II (OOP with Python) | J90: LUO Keyuan | K90: B111 | L90: Programming II (OOP with Python) | M90: LUO Keyuan | N90: B111
B91: 28 May | C91: Mathematics II | D91: WANG Ruihua | E91: B110 | F91: Mathematics II | G91: WANG Ruihua | H91: B110 | I91: English | L91: German
B92: 29 May | C92: Inroduction to Scientific Work | D92: WANG Guangyu | E92: B410 | F92: German
B93: 30 May
B94: 31 May
A95: 14 | B95: 1 Jun. | C95: English | F95: German | I95: Programming II (OOP with Python) | J95: ZENG Zhuoqi | K95: B105 | L95: Programming II (OOP with Python) | M95: ZENG Zhuoqi | N95: B105
B96: 2 Jun. | C96: Algorithms & Data Structures | D96: Umer Zukaib | E96: B409 | F96: Algorithms & Data Structures | G96: Umer Zukaib | H96: B409 | I96: English | L96: German
B97: 3 Jun. | C97: English | F97: German | I97: Programming II (OOP with Python) | J97: LUO Keyuan | K97: B111 | L97: Programming II (OOP with Python) | M97: LUO Keyuan | N97: B111
B98: 4 Jun. | C98: Mathematics II | D98: WANG Ruihua | E98: B110 | F98: Mathematics II | G98: WANG Ruihua | H98: B110 | I98: English | L98: German
B99: 5 Jun. | C99: Inroduction to Scientific Work | D99: WANG Guangyu | E99: B410 | F99: German
B100: 6 Jun.
B101: 7 Jun.
...

Sheet 2025CS2
A2: week | B2: date | C2: 1st Session | F2: 2nd Session | I2: 3rd Session | L2: 4th Session | O2: 5th Session | R2: 6th Session
C3: 8:30-10:00 | F3: 10:15-11:45 | I3: 14:30-16:00 | L3: 16:15-17:45 | O3: 18:35-20:05 | R3: 20:15-21:45
A4: 1 | B4: 2 Mar. | C4: English | F4: German | I4: Inroduction to Scientific Work | J4: WANG Guangyu | K4: B109 | L4: Inroduction to Scientific Work | M4: WANG Guangyu | N4: B109 | X4: Required TH | Y4: Required Sessions | Z4: Scheduled Sessions
B5: 3 Mar. | C5: Mathematics II | D5: WANG Lujia | E5: B110 | F5: Mathematics II | G5: WANG Lujia | H5: B110 | I5: English | L5: German | V5: Algorithms & Data Structures | W5: Umer Zukaib | X5: 60 | Y5: ==X5/2 -> 30 | Z5: ==COUNTIFS($C$4:$T$150,V5) -> 30
B6: 4 Mar. | C6: English | F6: German | V6: Mathematics II | W6: WANG Lujia | X6: 64 | Y6: ==X6/2 -> 32 | Z6: ==COUNTIFS($C$4:$T$150,V6) -> 32
B7: 5 Mar. | C7: Introduction to Project Work | E7: B111 | F7: Introduction to Project Work | H7: B111 | I7: English | L7: German | V7: Programming II (OOP with Python) | W7: ZENG Zhuoqi | X7: 30 | Y7: ==X7/2 -> 15 | Z7: ==COUNTIFS($C$4:$T$150,V7) -> 30
B8: 6 Mar. | F8: German | I8: Introduction to Project Work | K8: B111 | V8: Programming II (OOP with Python) | W8: LUO Keyuan | X8: 30 | Y8: ==X8/2 -> 15 | Z8: ==COUNTIFS($C$4:$T$150,V8) -> 30
B9: 7 Mar. | V9: Introduction to Project Work | X9: 48 | Y9: ==X9/2 -> 24 | Z9: ==COUNTIFS($C$4:$T$150,V9) -> 24
B10: 8 Mar. | V10: Inroduction to Scientific Work | W10: WANG Guangyu | X10: 48 | Y10: ==X10/2 -> 24 | Z10: ==COUNTIFS($C$4:$T$150,V10) -> 24
A11: 2 | B11: 9 Mar. | C11: English | F11: German | I11: Inroduction to Scientific Work | J11: WANG Guangyu | K11: B109 | L11: Inroduction to Scientific Work | M11: WANG Guangyu | N11: B109 | V11: German | X11: 180 | Y11: ==X11/2 -> 90 | Z11: ==COUNTIFS($C$4:$T$150,V11) -> 90
B12: 10 Mar. | C12: Mathematics II | D12: WANG Lujia | E12: B110 | F12: Mathematics II | G12: WANG Lujia | H12: B110 | I12: English | L12: German | V12: English | X12: 60 | Y12: ==X12/2 -> 30 | Z12: ==COUNTIFS($C$4:$T$150,V12) -> 61
B13: 11 Mar. | C13: English | F13: German
B14: 12 Mar. | C14: Introduction to Project Work | E14: B111 | F14: Introduction to Project Work | H14: B111 | I14: English | L14: German
B15: 13 Mar. | F15: German | I15: Introduction to Project Work | K15: B111
B16: 14 Mar.
B17: 15 Mar.
A18: 3 | B18: 16 Mar. | C18: English | F18: German | I18: Inroduction to Scientific Work | J18: WANG Guangyu | K18: B109 | L18: Inroduction to Scientific Work | M18: WANG Guangyu | N18: B109
B19: 17 Mar. | C19: Mathematics II | D19: WANG Lujia | E19: B110 | F19: Mathematics II | G19: WANG Lujia | H19: B110 | I19: English | L19: German
B20: 18 Mar. | C20: English | F20: German | I20: Algorithms & Data Structures | J20: Umer Zukaib | K20: B409 | L20: Algorithms & Data Structures | M20: Umer Zukaib | N20: B409
B21: 19 Mar. | C21: Introduction to Project Work | E21: B111 | F21: Introduction to Project Work | H21: B111 | I21: English | L21: German
B22: 20 Mar. | F22: German | I22: Introduction to Project Work | K22: B111
B23: 21 Mar.
B24: 22 Mar.
A25: 4 | B25: 23 Mar. | C25: English | F25: German | I25: Inroduction to Scientific Work | J25: WANG Guangyu | K25: B109 | L25: Inroduction to Scientific Work | M25: WANG Guangyu | N25: B109
B26: 24 Mar. | C26: Mathematics II | D26: WANG Lujia | E26: B110 | F26: Mathematics II | G26: WANG Lujia | H26: B110 | I26: English | L26: German
B27: 25 Mar. | C27: English | F27: German | I27: Algorithms & Data Structures | J27: Umer Zukaib | K27: B409 | L27: Algorithms & Data Structures | M27: Umer Zukaib | N27: B409
B28: 26 Mar. | C28: Introduction to Project Work | E28: B111 | F28: Introduction to Project Work | H28: B111 | I28: English | L28: German
B29: 27 Mar. | F29: German | I29: Introduction to Project Work | K29: B111
B30: 28 Mar.
B31: 29 Mar.
A32: 5 | B32: 30 Mar. | C32: English | F32: German | I32: Inroduction to Scientific Work | J32: WANG Guangyu | K32: B109 | L32: Inroduction to Scientific Work | M32: WANG Guangyu | N32: B109
B33: 31 Mar. | C33: Mathematics II | D33: WANG Lujia | E33: B110 | F33: Mathematics II | G33: WANG Lujia | H33: B110 | I33: English | L33: German
B34: 1 Apr. | C34: English | F34: German | I34: Algorithms & Data Structures | J34: Umer Zukaib | K34: B409 | L34: Algorithms & Data Structures | M34: Umer Zukaib | N34: B409
B35: 2 Apr. | C35: Introduction to Project Work | E35: B111 | F35: Introduction to Project Work | H35: B111 | I35: English | L35: German
B36: 3 Apr. | F36: German | I36: Introduction to Project Work | K36: B111
B37: 4 Apr. | C37: Holiday
B38: 5 Apr.
A39: 6 | B39: 6 Apr.
B40: 7 Apr. | C40: Mathematics II | D40: WANG Lujia | E40: B110 | F40: Mathematics II | G40: WANG Lujia | H40: B110 | I40: English | L40: German
B41: 8 Apr. | C41: English | F41: German | I41: Algorithms & Data Structures | J41: Umer Zukaib | K41: B409 | L41: Algorithms & Data Structures | M41: Umer Zukaib | N41: B409
B42: 9 Apr. | C42: Introduction to Project Work | E42: B111 | F42: Introduction to Project Work | H42: B111 | I42: English | L42: German
B43: 10 Apr. | F43: German | I43: Introduction to Project Work | K43: B111
B44: 11 Apr.
B45: 12 Apr.
A46: 7 | B46: 13 Apr. | C46: English | F46: German | I46: Inroduction to Scientific Work | J46: WANG Guangyu | K46: B109 | L46: Inroduction to Scientific Work | M46: WANG Guangyu | N46: B109
B47: 14 Apr. | C47: Mathematics II | D47: WANG Lujia | E47: B110 | F47: Mathematics II | G47: WANG Lujia | H47: B110 | I47: English | L47: German
B48: 15 Apr. | C48: English | F48: German | I48: Algorithms & Data Structures | J48: Umer Zukaib | K48: B409 | L48: Algorithms & Data Structures | M48: Umer Zukaib | N48: B409
B49: 16 Apr. | C49: Introduction to Project Work | E49: B111 | F49: Introduction to Project Work | H49: B111 | I49: English | L49: German
B50: 17 Apr. | F50: German | I50: Introduction to Project Work | K50: B111
B51: 18 Apr.
B52: 19 Apr.
A53: 8 | B53: 20 Apr. | C53: English | F53: German | I53: Inroduction to Scientific Work | J53: WANG Guangyu | K53: B109 | L53: Inroduction to Scientific Work | M53: WANG Guangyu | N53: B109
B54: 21 Apr. | C54: Mathematics II | D54: WANG Lujia | E54: B110 | F54: Mathematics II | G54: WANG Lujia | H54: B110 | I54: English | L54: German
B55: 22 Apr. | C55: English | F55: German | I55: Algorithms & Data Structures | J55: Umer Zukaib | K55: B409 | L55: Algorithms & Data Structures | M55: Umer Zukaib | N55: B409
B56: 23 Apr. | C56: Introduction to Project Work | E56: B111 | F56: Introduction to Project Work | H56: B111 | I56: English | L56: German
B57: 24 Apr. | F57: German | I57: Introduction to Project Work | K57: B111
B58: 25 Apr.
B59: 26 Apr.
A60: 9 | B60: 27 Apr. | C60: English | F60: German | I60: Inroduction to Scientific Work | J60: WANG Guangyu | K60: B109 | L60: Inroduction to Scientific Work | M60: WANG Guangyu | N60: B109
B61: 28 Apr. | C61: Mathematics II | D61: WANG Lujia | E61: B110 | F61: Mathematics II | G61: WANG Lujia | H61: B110 | I61: English | L61: German
B62: 29 Apr. | C62: English | F62: German | I62: Algorithms & Data Structures | J62: Umer Zukaib | K62: B409 | L62: Algorithms & Data Structures | M62: Umer Zukaib | N62: B409
B63: 30 Apr. | I63: English | L63: German
B64: 1 May | C64: Holiday
B65: 2 May
B66: 3 May
A67: 10 | B67: 4 May
B68: 5 May
B69: 6 May | C69: English | F69: German
B70: 7 May | I70: English | L70: German
B71: 8 May | F71: German
B72: 9 May
B73: 10 May
A74: 11 | B74: 11 May | C74: English | F74: German | I74: Programming II (OOP with Python) | J74: ZENG Zhuoqi | K74: B105 | L74: Programming II (OOP with Python) | M74: ZENG Zhuoqi | N74: B105
B75: 12 May | C75: Mathematics II | D75: WANG Lujia | E75: B110 | F75: Mathematics II | G75: WANG Lujia | H75: B110 | I75: English | L75: German
B76: 13 May | C76: English | F76: German | I76: Algorithms & Data Structures | J76: Umer Zukaib | K76: B409 | L76: Algorithms & Data Structures | M76: Umer Zukaib | N76: B409
B77: 14 May | C77: Programming II (OOP with Python) | D77: LUO Keyuan | E77: B111 | F77: Programming II (OOP with Python) | G77: LUO Keyuan | H77: B111 | I77: English | L77: German
B78: 15 May | F78: German | I78: Inroduction to Scientific Work | J78: WANG Guangyu | K78: B410
B79: 16 May
B80: 17 May
A81: 12 | B81: 18 May | C81: English | F81: German | I81: Programming II (OOP with Python) | J81: ZENG Zhuoqi | K81: B105 | L81: Programming II (OOP with Python) | M81: ZENG Zhuoqi | N81: B105
B82: 19 May | C82: Mathematics II | D82: WANG Lujia | E82: B110 | F82: Mathematics II | G82: WANG Lujia | H82: B110 | I82: English | L82: German
B83: 20 May | C83: English | F83: German | I83: Algorithms & Data Structures | J83: Umer Zukaib | K83: B409 | L83: Algorithms & Data Structures | M83: Umer Zukaib | N83: B409
B84: 21 May | C84: Programming II (OOP with Python) | D84: LUO Keyuan | E84: B111 | F84: Programming II (OOP with Python) | G84: LUO Keyuan | H84: B111 | I84: English | L84: German
B85: 22 May | F85: German | I85: Inroduction to Scientific Work | J85: WANG Guangyu | K85: B410
B86: 23 May
B87: 24 May
A88: 13 | B88: 25 May | C88: English | F88: German | I88: Programming II (OOP with Python) | J88: ZENG Zhuoqi | K88: B105 | L88: Programming II (OOP with Python) | M88: ZENG Zhuoqi | N88: B105
B89: 26 May | C89: Mathematics II | D89: WANG Lujia | E89: B110 | F89: Mathematics II | G89: WANG Lujia | H89: B110 | I89: English | L89: German
B90: 27 May | C90: English | F90: German | I90: Algorithms & Data Structures | J90: Umer Zukaib | K90: B409 | L90: Algorithms & Data Structures | M90: Umer Zukaib | N90: B409
B91: 28 May | C91: Programming II (OOP with Python) | D91: LUO Keyuan | E91: B111 | F91: Programming II (OOP with Python) | G91: LUO Keyuan | H91: B111 | I91: English | L91: German
B92: 29 May | F92: German | I92: Inroduction to Scientific Work | J92: WANG Guangyu | K92: B410
B93: 30 May
B94: 31 May
A95: 14 | B95: 1 Jun. | C95: English | F95: German | I95: Programming II (OOP with Python) | J95: ZENG Zhuoqi | K95: B105 | L95: Programming II (OOP with Python) | M95: ZENG Zhuoqi | N95: B105
B96: 2 Jun. | C96: Mathematics II | D96: WANG Lujia | E96: B110 | F96: Mathematics II | G96: WANG Lujia | H96: B110 | I96: English | L96: German
B97: 3 Jun. | C97: English | F97: German | I97: Algorithms & Data Structures | J97: Umer Zukaib | K97: B409 | L97: Algorithms & Data Structures | M97: Umer Zukaib | N97: B409
B98: 4 Jun. | C98: Programming II (OOP with Python) | D98: LUO Keyuan | E98: B111 | F98: Programming II (OOP with Python) | G98: LUO Keyuan | H98: B111 | I98: English | L98: German
B99: 5 Jun. | F99: German | I99: Inroduction to Scientific Work | J99: WANG Guangyu | K99: B410
B100: 6 Jun.
B101: 7 Jun.
...

Sheet 2025CS3
A2: week | B2: date | C2: 1st Session | F2: 2nd Session | I2: 3rd Session | L2: 4th Session | O2: 5th Session | R2: 6th Session
C3: 8:30-10:00 | F3: 10:15-11:45 | I3: 14:30-16:00 | L3: 16:15-17:45 | O3: 18:35-20:05 | R3: 20:15-21:45
A4: 1 | B4: 2 Mar. | C4: English | F4: German | X4: Required TH | Y4: Required Sessions | Z4: Scheduled Sessions
B5: 3 Mar. | C5: Introduction to Project Work | E5: B410 | F5: Introduction to Project Work | H5: B410 | I5: English | L5: German | V5: Algorithms & Data Structures | W5: Umer Zukaib | X5: 60 | Y5: ==X5/2 -> 30 | Z5: ==COUNTIFS($C$4:$T$150,V5) -> 30
B6: 4 Mar. | C6: English | F6: German | I6: Mathematics II | J6: WANG Lujia | K6: B109 | L6: Mathematics II | M6: WANG Lujia | N6: B109 | V6: Mathematics II | W6: WANG Lujia | X6: 64 | Y6: ==X6/2 -> 32 | Z6: ==COUNTIFS($C$4:$T$150,V6) -> 32
B7: 5 Mar. | I7: English | L7: German | V7: Programming II (OOP with Python) | W7: ZENG Zhuoqi | X7: 30 | Y7: ==X7/2 -> 15 | Z7: ==COUNTIFS($C$4:$T$150,V7) -> 30
B8: 6 Mar. | C8: Introduction to Project Work | E8: B410 | F8: German | I8: Inroduction to Scientific Work | J8: WANG Guangyu | K8: B109 | L8: Inroduction to Scientific Work | M8: WANG Guangyu | N8: B109 | V8: Programming II (OOP with Python) | W8: LUO Keyuan | X8: 30 | Y8: ==X8/2 -> 15 | Z8: ==COUNTIFS($C$4:$T$150,V8) -> 30
B9: 7 Mar. | V9: Introduction to Project Work | X9: 48 | Y9: ==X9/2 -> 24 | Z9: ==COUNTIFS($C$4:$T$150,V9) -> 24
B10: 8 Mar. | V10: Inroduction to Scientific Work | W10: WANG Guangyu | X10: 48 | Y10: ==X10/2 -> 24 | Z10: ==COUNTIFS($C$4:$T$150,V10) -> 24
A11: 2 | B11: 9 Mar. | C11: English | F11: German | V11: German | X11: 180 | Y11: ==X11/2 -> 90 | Z11: ==COUNTIFS($C$4:$T$150,V11) -> 90
B12: 10 Mar. | C12: Introduction to Project Work | E12: B410 | F12: Introduction to Project Work | H12: B410 | I12: English | L12: German | V12: English | X12: 60 | Y12: ==X12/2 -> 30 | Z12: ==COUNTIFS($C$4:$T$150,V12) -> 61
B13: 11 Mar. | C13: English | F13: German | I13: Mathematics II | J13: WANG Lujia | K13: B109 | L13: Mathematics II | M13: WANG Lujia | N13: B109
B14: 12 Mar. | I14: English | L14: German
B15: 13 Mar. | C15: Introduction to Project Work | E15: B410 | F15: German | I15: Inroduction to Scientific Work | J15: WANG Guangyu | K15: B109 | L15: Inroduction to Scientific Work | M15: WANG Guangyu | N15: B109
B16: 14 Mar.
B17: 15 Mar.
A18: 3 | B18: 16 Mar. | C18: English | F18: German
B19: 17 Mar. | C19: Introduction to Project Work | E19: B410 | F19: Introduction to Project Work | H19: B410 | I19: English | L19: German
B20: 18 Mar. | C20: English | F20: German | I20: Mathematics II | J20: WANG Lujia | K20: B109 | L20: Mathematics II | M20: WANG Lujia | N20: B109
B21: 19 Mar. | C21: Algorithms & Data Structures | D21: Umer Zukaib | E21: B409 | F21: Algorithms & Data Structures | G21: Umer Zukaib | H21: B409 | I21: English | L21: German
B22: 20 Mar. | C22: Introduction to Project Work | E22: B410 | F22: German | I22: Inroduction to Scientific Work | J22: WANG Guangyu | K22: B109 | L22: Inroduction to Scientific Work | M22: WANG Guangyu | N22: B109
B23: 21 Mar.
B24: 22 Mar.
A25: 4 | B25: 23 Mar. | C25: English | F25: German
B26: 24 Mar. | C26: Introduction to Project Work | E26: B410 | F26: Introduction to Project Work | H26: B410 | I26: English | L26: German
B27: 25 Mar. | C27: English | F27: German | I27: Mathematics II | J27: WANG Lujia | K27: B109 | L27: Mathematics II | M27: WANG Lujia | N27: B109
B28: 26 Mar. | C28: Algorithms & Data Structures | D28: Umer Zukaib | E28: B409 | F28: Algorithms & Data Structures | G28: Umer Zukaib | H28: B409 | I28: English | L28: German
B29: 27 Mar. | C29: Introduction to Project Work | E29: B410 | F29: German | I29: Inroduction to Scientific Work | J29: WANG Guangyu | K29: B109 | L29: Inroduction to Scientific Work | M29: WANG Guangyu | N29: B109
B30: 28 Mar.
B31: 29 Mar.
A32: 5 | B32: 30 Mar. | C32: English | F32: German
B33: 31 Mar. | C33: Introduction to Project Work | E33: B410 | F33: Introduction to Project Work | H33: B410 | I33: English | L33: German
B34: 1 Apr. | C34: English | F34: German | I34: Mathematics II | J34: WANG Lujia | K34: B109 | L34: Mathematics II | M34: WANG Lujia | N34: B109
B35: 2 Apr. | C35: Algorithms & Data Structures | D35: Umer Zukaib | E35: B409 | F35: Algorithms & Data Structures | G35: Umer Zukaib | H35: B409 | I35: English | L35: German
B36: 3 Apr. | C36: Introduction to Project Work | E36: B410 | F36: German | I36: Inroduction to Scientific Work | J36: WANG Guangyu | K36: B109 | L36: Inroduction to Scientific Work | M36: WANG Guangyu | N36: B109
B37: 4 Apr. | C37: Holiday
B38: 5 Apr.
A39: 6 | B39: 6 Apr.
B40: 7 Apr. | C40: Introduction to Project Work | E40: B410 | F40: Introduction to Project Work | H40: B410 | I40: English | L40: German
B41: 8 Apr. | C41: English | F41: German | I41: Mathematics II | J41: WANG Lujia | K41: B109 | L41: Mathematics II | M41: WANG Lujia | N41: B109
B42: 9 Apr. | C42: Algorithms & Data Structures | D42: Umer Zukaib | E42: B409 | F42: Algorithms & Data Structures | G42: Umer Zukaib | H42: B409 | I42: English | L42: German
B43: 10 Apr. | C43: Introduction to Project Work | E43: B410 | F43: German | I43: Inroduction to Scientific Work | J43: WANG Guangyu | K43: B109 | L43: Inroduction to Scientific Work | M43: WANG Guangyu | N43: B109
B44: 11 Apr.
B45: 12 Apr.
A46: 7 | B46: 13 Apr. | C46: English | F46: German
B47: 14 Apr. | C47: Introduction to Project Work | E47: B410 | F47: Introduction to Project Work | H47: B410 | I47: English | L47: German
B48: 15 Apr. | C48: English | F48: German | I48: Mathematics II | J48: WANG Lujia | K48: B109 | L48: Mathematics II | M48: WANG Lujia | N48: B109
B49: 16 Apr. | C49: Algorithms & Data Structures | D49: Umer Zukaib | E49: B409 | F49: Algorithms & Data Structures | G49: Umer Zukaib | H49: B409 | I49: English | L49: German
B50: 17 Apr. | C50: Introduction to Project Work | E50: B410 | F50: German | I50: Inroduction to Scientific Work | J50: WANG Guangyu | K50: B109 | L50: Inroduction to Scientific Work | M50: WANG Guangyu | N50: B109
B51: 18 Apr.
B52: 19 Apr.
A53: 8 | B53: 20 Apr. | C53: English | F53: German
B54: 21 Apr. | C54: Introduction to Project Work | E54: B410 | F54: Introduction to Project Work | H54: B410 | I54: English | L54: German
B55: 22 Apr. | C55: English | F55: German | I55: Mathematics II | J55: WANG Lujia | K55: B109 | L55: Mathematics II | M55: WANG Lujia | N55: B109
B56: 23 Apr. | C56: Algorithms & Data Structures | D56: Umer Zukaib | E56: B409 | F56: Algorithms & Data Structures | G56: Umer Zukaib | H56: B409 | I56: English | L56: German
B57: 24 Apr. | C57: Introduction to Project Work | E57: B410 | F57: German | I57: Inroduction to Scientific Work | J57: WANG Guangyu | K57: B109 | L57: Inroduction to Scientific Work | M57: WANG Guangyu | N57: B109
B58: 25 Apr.
B59: 26 Apr.
A60: 9 | B60: 27 Apr. | C60: English | F60: German
B61: 28 Apr. | I61: English | L61: German
B62: 29 Apr. | C62: English | F62: German | I62: Mathematics II | J62: WANG Lujia | K62: B109 | L62: Mathematics II | M62: WANG Lujia | N62: B109
B63: 30 Apr. | C63: Algorithms & Data Structures | D63: Umer Zukaib | E63: B409 | F63: Algorithms & Data Structures | G63: Umer Zukaib | H63: B409 | I63: English | L63: German
B64: 1 May | C64: Holiday
B65: 2 May
B66: 3 May
A67: 10 | B67: 4 May
B68: 5 May
B69: 6 May | C69: English | F69: German
B70: 7 May | I70: English | L70: German
B71: 8 May | F71: German
B72: 9 May
B73: 10 May
A74: 11 | B74: 11 May | C74: English | F74: German | I74: Programming II (OOP with Python) | J74: ZENG Zhuoqi | K74: B105 | L74: Programming II (OOP with Python) | M74: ZENG Zhuoqi | N74: B105
B75: 12 May | C75: Programming II (OOP with Python) | D75: LUO Keyuan | F75: Programming II (OOP with Python) | G75: LUO Keyuan | I75: English | L75: German
B76: 13 May | C76: English | F76: German | I76: Mathematics II | J76: WANG Lujia | K76: B109 | L76: Mathematics II | M76: WANG Lujia | N76: B109
B77: 14 May | C77: Algorithms & Data Structures | D77: Umer Zukaib | E77: B409 | F77: Algorithms & Data Structures | G77: Umer Zukaib | H77: B409 | I77: English | L77: German
B78: 15 May | F78: German | L78: Inroduction to Scientific Work | M78: WANG Guangyu
B79: 16 May
B80: 17 May
A81: 12 | B81: 18 May | C81: English | F81: German | I81: Programming II (OOP with Python) | J81: ZENG Zhuoqi | K81: B105 | L81: Programming II (OOP with Python) | M81: ZENG Zhuoqi | N81: B105
B82: 19 May | C82: Programming II (OOP with Python) | D82: LUO Keyuan | E82: B410 | F82: Programming II (OOP with Python) | G82: LUO Keyuan | H82: B410 | I82: English | L82: German
B83: 20 May | C83: English | F83: German | I83: Mathematics II | J83: WANG Lujia | K83: B109 | L83: Mathematics II | M83: WANG Lujia | N83: B109
B84: 21 May | C84: Algorithms & Data Structures | D84: Umer Zukaib | E84: B409 | F84: Algorithms & Data Structures | G84: Umer Zukaib | H84: B409 | I84: English | L84: German
B85: 22 May | F85: German | L85: Inroduction to Scientific Work | M85: WANG Guangyu
B86: 23 May
B87: 24 May
A88: 13 | B88: 25 May | C88: English | F88: German | I88: Programming II (OOP with Python) | J88: ZENG Zhuoqi | K88: B105 | L88: Programming II (OOP with Python) | M88: ZENG Zhuoqi | N88: B105
B89: 26 May | C89: Programming II (OOP with Python) | D89: LUO Keyuan | E89: B410 | F89: Programming II (OOP with Python) | G89: LUO Keyuan | H89: B410 | I89: English | L89: German
B90: 27 May | C90: English | F90: German | I90: Mathematics II | J90: WANG Lujia | K90: B109 | L90: Mathematics II | M90: WANG Lujia | N90: B109
B91: 28 May | C91: Algorithms & Data Structures | D91: Umer Zukaib | E91: B409 | F91: Algorithms & Data Structures | G91: Umer Zukaib | H91: B409 | I91: English | L91: German
B92: 29 May | F92: German | L92: Inroduction to Scientific Work | M92: WANG Guangyu | N92: B410
B93: 30 May
B94: 31 May
A95: 14 | B95: 1 Jun. | C95: English | F95: German | I95: Programming II (OOP with Python) | J95: ZENG Zhuoqi | K95: B105 | L95: Programming II (OOP with Python) | M95: ZENG Zhuoqi | N95: B105
B96: 2 Jun. | C96: Programming II (OOP with Python) | D96: LUO Keyuan | E96: B410 | F96: Programming II (OOP with Python) | G96: LUO Keyuan | H96: B410 | I96: English | L96: German
B97: 3 Jun. | C97: English | F97: German | I97: Mathematics II | J97: WANG Lujia | K97: B109 | L97: Mathematics II | M97: WANG Lujia | N97: B109
B98: 4 Jun. | C98: Algorithms & Data Structures | D98: Umer Zukaib | E98: B409 | F98: Algorithms & Data Structures | G98: Umer Zukaib | H98: B409 | I98: English | L98: German
B99: 5 Jun. | F99: German | L99: Inroduction to Scientific Work | M99: WANG Guangyu | N99: B410
B100: 6 Jun.
B101: 7 Jun.
...

Sheet 2025DT1
A2: week | B2: date | C2: 1st Session | F2: 2nd Session | I2: 3rd Session | L2: 4th Session | O2: 5th Session | R2: 6th Session
C3: 8:30-10:00 | F3: 10:15-11:45 | I3: 14:30-16:00 | L3: 16:15-17:45 | O3: 18:35-20:05 | R3: 20:15-21:45
A4: 1 | B4: 2 Mar. | C4: Programming I (Python) | D4: ==W9 -> ZHANG Feng | E4: B109 | F4: Programming I (Python) | G4: ZHANG Feng | H4: B109 | I4: English | L4: German | X4: Required TH | Y4: Required Sessions | Z4: Scheduled Sessions
B5: 3 Mar. | C5: English | F5: German | V5: Mathematics II | W5: WANG Ruihua | X5: 64 | Y5: ==X5/2 -> 32 | Z5: ==COUNTIFS($C$4:$T$150,V5) -> 30
B6: 4 Mar. | I6: English | L6: German | V6: Programming II (OOP with Python) | W6: DONG Yudong | X6: 60 | Y6: ==X6/2 -> 30 | Z6: ==COUNTIFS($C$4:$T$150,V6) -> 30
B7: 5 Mar. | C7: English | F7: German | V7: Networking and IoT Solutions | W7: LI Yue | X7: 60 | Y7: ==X7/2 -> 30 | Z7: ==COUNTIFS($C$4:$T$150,V7) -> 30
B8: 6 Mar. | C8: Mathematics II | D8: WANG Ruihua | F8: Mathematics II | G8: WANG Ruihua | L8: German | V8: Innovation and Project Management | W8: Dirk Klann | X8: 60 | Y8: ==X8/2 -> 30 | Z8: ==COUNTIFS($C$4:$T$150,V8) -> 30
B9: 7 Mar. | V9: Programming I (Python) | W9: ZHANG Feng | X9: 60 | Y9: ==X9/2 -> 30 | Z9: ==COUNTIFS($C$4:$T$150,V9) -> 30
B10: 8 Mar. | V10: German | X10: 180 | Y10: ==X10/2 -> 90 | Z10: ==COUNTIFS($C$4:$T$150,V10) -> 90
A11: 2 | B11: 9 Mar. | C11: Programming I (Python) | D11: ==W9 -> ZHANG Feng | E11: B109 | F11: Programming I (Python) | G11: ZHANG Feng | H11: B109 | I11: English | L11: German | V11: English | X11: 60 | Y11: ==X11/2 -> 30 | Z11: ==COUNTIFS($C$4:$T$150,V11) -> 61
B12: 10 Mar. | C12: English | F12: German
B13: 11 Mar. | C13: Networking and IoT Solutions | D13: LI Yue | E13: B111 | F13: Networking and IoT Solutions | G13: LI Yue | H13: B111 | I13: English | L13: German
B14: 12 Mar. | C14: English | F14: German
B15: 13 Mar. | C15: Mathematics II | D15: WANG Ruihua | E15: B109 | F15: Mathematics II | G15: WANG Ruihua | H15: B109 | L15: German
B16: 14 Mar.
B17: 15 Mar.
A18: 3 | B18: 16 Mar. | C18: Programming I (Python) | D18: ZHANG Feng | E18: B109 | F18: Programming I (Python) | G18: ZHANG Feng | H18: B109 | I18: English | L18: German
B19: 17 Mar. | C19: English | F19: German
B20: 18 Mar. | C20: Networking and IoT Solutions | D20: LI Yue | E20: B111 | F20: Networking and IoT Solutions | G20: LI Yue | H20: B111 | I20: English | L20: German
B21: 19 Mar. | C21: English | F21: German
B22: 20 Mar. | C22: Mathematics II | D22: WANG Ruihua | E22: B109 | F22: Mathematics II | G22: WANG Ruihua | H22: B109 | L22: German
B23: 21 Mar.
B24: 22 Mar.
A25: 4 | B25: 23 Mar. | C25: Programming I (Python) | D25: ZHANG Feng | E25: B109 | F25: Programming I (Python) | G25: ZHANG Feng | H25: B109 | I25: English | L25: German
B26: 24 Mar. | C26: English | F26: German | I26: Programming II (OOP with Python) | J26: DONG Yudong | K26: B110 | L26: Programming II (OOP with Python) | M26: DONG Yudong | N26: B110
B27: 25 Mar. | C27: Networking and IoT Solutions | D27: LI Yue | E27: B111 | F27: Networking and IoT Solutions | G27: LI Yue | H27: B111 | I27: English | L27: German
B28: 26 Mar. | C28: English | F28: German
B29: 27 Mar. | C29: Mathematics II | D29: WANG Ruihua | E29: B109 | F29: Mathematics II | G29: WANG Ruihua | H29: B109 | L29: German
B30: 28 Mar.
B31: 29 Mar.
A32: 5 | B32: 30 Mar. | C32: Programming I (Python) | D32: ZHANG Feng | E32: B109 | F32: Programming I (Python) | G32: ZHANG Feng | H32: B109 | I32: English | L32: German
B33: 31 Mar. | C33: English | F33: German | I33: Programming II (OOP with Python) | J33: DONG Yudong | K33: B110 | L33: Programming II (OOP with Python) | M33: DONG Yudong | N33: B110
B34: 1 Apr. | C34: Networking and IoT Solutions | D34: LI Yue | E34: B111 | F34: Networking and IoT Solutions | G34: LI Yue | H34: B111 | I34: English | L34: German
B35: 2 Apr. | C35: English | F35: German
B36: 3 Apr. | C36: Mathematics II | D36: WANG Ruihua | E36: B109 | F36: Mathematics II | G36: WANG Ruihua | H36: B109 | L36: German
B37: 4 Apr. | C37: Holiday
B38: 5 Apr.
A39: 6 | B39: 6 Apr.
B40: 7 Apr. | C40: English | F40: German | I40: Programming II (OOP with Python) | J40: DONG Yudong | K40: B110 | L40: Programming II (OOP with Python) | M40: DONG Yudong | N40: B110
B41: 8 Apr. | C41: Networking and IoT Solutions | D41: LI Yue | E41: B111 | F41: Networking and IoT Solutions | G41: LI Yue | H41: B111 | I41: English | L41: German
B42: 9 Apr. | C42: English | F42: German
B43: 10 Apr. | C43: Mathematics II | D43: WANG Ruihua | E43: B109 | F43: Mathematics II | G43: WANG Ruihua | H43: B109 | L43: German
B44: 11 Apr.
B45: 12 Apr.
A46: 7 | B46: 13 Apr. | C46: Programming I (Python) | D46: ZHANG Feng | E46: B109 | F46: Programming I (Python) | G46: ZHANG Feng | H46: B109 | I46: English | L46: German
B47: 14 Apr. | C47: English | F47: German | I47: Programming II (OOP with Python) | J47: DONG Yudong | K47: B110 | L47: Programming II (OOP with Python) | M47: DONG Yudong | N47: B110
B48: 15 Apr. | C48: Networking and IoT Solutions | D48: LI Yue | E48: B111 | F48: Networking and IoT Solutions | G48: LI Yue | H48: B111 | I48: English | L48: German
B49: 16 Apr. | C49: English | F49: German | I49: Innovation and Project Management | J49: Dirk Klann | K49: B112 | L49: Innovation and Project Management | M49: Dirk Klann | N49: B112
B50: 17 Apr. | C50: Mathematics II | D50: WANG Ruihua | E50: B109 | F50: Mathematics II | G50: WANG Ruihua | H50: B109 | L50: German
B51: 18 Apr.
B52: 19 Apr.
A53: 8 | B53: 20 Apr. | C53: Programming I (Python) | D53: ZHANG Feng | E53: B109 | F53: Programming I (Python) | G53: ZHANG Feng | H53: B109 | I53: English | L53: German
B54: 21 Apr. | C54: English | F54: German | I54: Programming II (OOP with Python) | J54: DONG Yudong | K54: B110 | L54: Programming II (OOP with Python) | M54: DONG Yudong | N54: B110
B55: 22 Apr. | C55: Networking and IoT Solutions | D55: LI Yue | E55: B111 | F55: Networking and IoT Solutions | G55: LI Yue | H55: B111 | I55: English | L55: German
B56: 23 Apr. | C56: English | F56: German | I56: Innovation and Project Management | J56: Dirk Klann | K56: B112 | L56: Innovation and Project Management | M56: Dirk Klann | N56: B112
B57: 24 Apr. | C57: Mathematics II | D57: WANG Ruihua | E57: B109 | F57: Mathematics II | G57: WANG Ruihua | H57: B109 | L57: German
B58: 25 Apr.
B59: 26 Apr.
A60: 9 | B60: 27 Apr. | C60: Programming I (Python) | D60: ZHANG Feng | E60: B109 | F60: Programming I (Python) | G60: ZHANG Feng | H60: B109 | I60: English | L60: German
B61: 28 Apr. | C61: English | F61: German | I61: Programming II (OOP with Python) | J61: DONG Yudong | K61: B110 | L61: Programming II (OOP with Python) | M61: DONG Yudong | N61: B110
B62: 29 Apr. | C62: Networking and IoT Solutions | D62: LI Yue | E62: B111 | F62: Networking and IoT Solutions | G62: LI Yue | H62: B111 | I62: English | L62: German
B63: 30 Apr. | C63: English | F63: German | I63: Innovation and Project Management | J63: Dirk Klann | K63: B112 | L63: Innovation and Project Management | M63: Dirk Klann | N63: B112
B64: 1 May | C64: Holiday
B65: 2 May
B66: 3 May
A67: 10 | B67: 4 May
B68: 5 May
B69: 6 May | I69: English | L69: German
B70: 7 May | C70: English | F70: German | I70: Innovation and Project Management | J70: Dirk Klann | K70: B112 | L70: Innovation and Project Management | M70: Dirk Klann | N70: B112
B71: 8 May | C71: Mathematics II | D71: WANG Ruihua | F71: Mathematics II | G71: WANG Ruihua | L71: German
B72: 9 May | C72: Programming I (Python) | D72: ZHANG Feng | E72: B109 | F72: Programming I (Python) | G72: ZHANG Feng | H72: B109
B73: 10 May
A74: 11 | B74: 11 May | C74: Programming I (Python) | D74: ZHANG Feng | E74: B109 | F74: Programming I (Python) | G74: ZHANG Feng | H74: B109 | I74: English | L74: German
B75: 12 May | C75: English | F75: German | I75: Programming II (OOP with Python) | J75: DONG Yudong | K75: B110 | L75: Programming II (OOP with Python) | M75: DONG Yudong | N75: B110
B76: 13 May | C76: Networking and IoT Solutions | D76: LI Yue | E76: B111 | F76: Networking and IoT Solutions | G76: LI Yue | H76: B111 | I76: English | L76: German
B77: 14 May | C77: English | F77: German | I77: Innovation and Project Management | J77: Dirk Klann | K77: B112 | L77: Innovation and Project Management | M77: Dirk Klann | N77: B112
B78: 15 May | C78: Mathematics II | D78: WANG Ruihua | E78: B109 | F78: Mathematics II | G78: WANG Ruihua | H78: B109 | L78: German
B79: 16 May
B80: 17 May
A81: 12 | B81: 18 May | C81: Programming I (Python) | D81: ZHANG Feng | E81: B109 | F81: Programming I (Python) | G81: ZHANG Feng | H81: B109 | I81: English | L81: German
B82: 19 May | C82: English | F82: German | I82: Programming II (OOP with Python) | J82: DONG Yudong | K82: B110 | L82: Programming II (OOP with Python) | M82: DONG Yudong | N82: B110
B83: 20 May | C83: Networking and IoT Solutions | D83: LI Yue | E83: B111 | F83: Networking and IoT Solutions | G83: LI Yue | H83: B111 | I83: English | L83: German
B84: 21 May | C84: English | F84: German | I84: Innovation and Project Management | J84: Dirk Klann | K84: B112 | L84: Innovation and Project Management | M84: Dirk Klann | N84: B112
B85: 22 May | C85: Mathematics II | D85: WANG Ruihua | E85: B109 | F85: Mathematics II | G85: WANG Ruihua | H85: B109 | L85: German
B86: 23 May
B87: 24 May
A88: 13 | B88: 25 May | C88: Programming I (Python) | D88: ZHANG Feng | E88: B109 | F88: Programming I (Python) | G88: ZHANG Feng | H88: B109 | I88: English | L88: German
B89: 26 May | C89: English | F89: German | I89: Programming II (OOP with Python) | J89: DONG Yudong | K89: B110 | L89: Programming II (OOP with Python) | M89: DONG Yudong | N89: B110
B90: 27 May | C90: Networking and IoT Solutions | D90: LI Yue | E90: B111 | F90: Networking and IoT Solutions | G90: LI Yue | H90: B111 | I90: English | L90: German
B91: 28 May | C91: English | F91: German | I91: Innovation and Project Management | J91: Dirk Klann | K91: B112 | L91: Innovation and Project Management | M91: Dirk Klann | N91: B112
B92: 29 May | C92: Mathematics II | D92: WANG Ruihua | E92: B109 | F92: Mathematics II | G92: WANG Ruihua | H92: B109 | L92: German
B93: 30 May
B94: 31 May
A95: 14 | B95: 1 Jun. | C95: Programming I (Python) | D95: ZHANG Feng | E95: B109 | F95: Programming I (Python) | G95: ZHANG Feng | H95: B109 | I95: English | L95: German
B96: 2 Jun. | C96: English | F96: German | I96: Programming II (OOP with Python) | J96: DONG Yudong | K96: B110 | L96: Programming II (OOP with Python) | M96: DONG Yudong | N96: B110
B97: 3 Jun. | C97: Networking and IoT Solutions | D97: LI Yue | E97: B111 | F97: Networking and IoT Solutions | G97: LI Yue | H97: B111 | I97: English | L97: German
B98: 4 Jun. | C98: English | F98: German | I98: Innovation and Project Management | J98: Dirk Klann | K98: B112 | L98: Innovation and Project Management | M98: Dirk Klann | N98: B112
B99: 5 Jun. | C99: Mathematics II | D99: WANG Ruihua | E99: B109 | F99: Mathematics II | G99: WANG Ruihua | H99: B109 | L99: German
B100: 6 Jun.
B101: 7 Jun.
...

Sheet 2025DT2
A2: week | B2: date | C2: 1st Session | F2: 2nd Session | I2: 3rd Session | L2: 4th Session | O2: 5th Session | R2: 6th Session
C3: 8:30-10:00 | F3: 10:15-11:45 | I3: 14:30-16:00 | L3: 16:15-17:45 | O3: 18:35-20:05 | R3: 20:15-21:45
A4: 1 | B4: 2 Mar. | I4: English | L4: German | X4: Required TH | Y4: Required Sessions | Z4: Scheduled Sessions
B5: 3 Mar. | C5: English | F5: German | I5: Programming I (Python) | J5: ZHANG Feng | K5: B109 | L5: Programming I (Python) | M5: ZHANG Feng | N5: B109 | V5: Mathematics II | W5: ZHANG Yue | X5: 64 | Y5: ==X5/2 -> 32 | Z5: ==COUNTIFS($C$4:$T$150,V5) -> 32
B6: 4 Mar. | C6: Mathematics II | D6: ZHANG Yue | E6: B306 | F6: Mathematics II | G6: ZHANG Yue | H6: B306 | I6: English | L6: German | V6: Programming II (OOP with Python) | W6: DONG Yudong | X6: 60 | Y6: ==X6/2 -> 30 | Z6: ==COUNTIFS($C$4:$T$150,V6) -> 30
B7: 5 Mar. | C7: English | F7: German | V7: Networking and IoT Solutions | W7: LI Yue | X7: 60 | Y7: ==X7/2 -> 30 | Z7: ==COUNTIFS($C$4:$T$150,V7) -> 30
B8: 6 Mar. | L8: German | V8: Innovation and Project Management | W8: Dirk Klann | X8: 60 | Y8: ==X8/2 -> 30 | Z8: ==COUNTIFS($C$4:$T$150,V8) -> 30
B9: 7 Mar. | V9: Programming I (Python) | W9: ZHANG Feng | X9: 60 | Y9: ==X9/2 -> 30 | Z9: ==COUNTIFS($C$4:$T$150,V9) -> 30
B10: 8 Mar. | V10: German | X10: 180 | Y10: ==X10/2 -> 90 | Z10: ==COUNTIFS($C$4:$T$150,V10) -> 90
A11: 2 | B11: 9 Mar. | I11: English | L11: German | V11: English | X11: 60 | Y11: ==X11/2 -> 30 | Z11: ==COUNTIFS($C$4:$T$150,V11) -> 61
B12: 10 Mar. | C12: English | F12: German | I12: Programming I (Python) | J12: ZHANG Feng | K12: B109 | L12: Programming I (Python) | M12: ZHANG Feng | N12: B109
B13: 11 Mar. | C13: Mathematics II | D13: ZHANG Yue | E13: B306 | F13: Mathematics II | G13: ZHANG Yue | H13: B306 | I13: English | L13: German
B14: 12 Mar. | C14: English | F14: German | I14: Networking and IoT Solutions | J14: LI Yue | K14: B111 | L14: Networking and IoT Solutions | M14: LI Yue | N14: B111
B15: 13 Mar. | L15: German
B16: 14 Mar.
B17: 15 Mar.
A18: 3 | B18: 16 Mar. | I18: English | L18: German
B19: 17 Mar. | C19: English | F19: German | I19: Programming I (Python) | J19: ZHANG Feng | K19: B109 | L19: Programming I (Python) | M19: ZHANG Feng | N19: B109
B20: 18 Mar. | C20: Mathematics II | D20: ZHANG Yue | E20: B306 | F20: Mathematics II | G20: ZHANG Yue | H20: B306 | I20: English | L20: German
B21: 19 Mar. | C21: English | F21: German | I21: Networking and IoT Solutions | J21: LI Yue | K21: B111 | L21: Networking and IoT Solutions | M21: LI Yue | N21: B111
B22: 20 Mar. | L22: German
B23: 21 Mar.
B24: 22 Mar.
A25: 4 | B25: 23 Mar. | C25: Programming II (OOP with Python) | D25: DONG Yudong | E25: B110 | F25: Programming II (OOP with Python) | G25: DONG Yudong | H25: B110 | I25: English | L25: German
B26: 24 Mar. | C26: English | F26: German | I26: Programming I (Python) | J26: ZHANG Feng | K26: B109 | L26: Programming I (Python) | M26: ZHANG Feng | N26: B109
B27: 25 Mar. | C27: Mathematics II | D27: ZHANG Yue | E27: B306 | F27: Mathematics II | G27: ZHANG Yue | H27: B306 | I27: English | L27: German
B28: 26 Mar. | C28: English | F28: German | I28: Networking and IoT Solutions | J28: LI Yue | K28: B111 | L28: Networking and IoT Solutions | M28: LI Yue | N28: B111
B29: 27 Mar. | L29: German
B30: 28 Mar.
B31: 29 Mar.
A32: 5 | B32: 30 Mar. | C32: Programming II (OOP with Python) | D32: DONG Yudong | E32: B110 | F32: Programming II (OOP with Python) | G32: DONG Yudong | H32: B110 | I32: English | L32: German
B33: 31 Mar. | C33: English | F33: German | I33: Programming I (Python) | J33: ZHANG Feng | K33: B109 | L33: Programming I (Python) | M33: ZHANG Feng | N33: B109
B34: 1 Apr. | C34: Mathematics II | D34: ZHANG Yue | E34: B306 | F34: Mathematics II | G34: ZHANG Yue | H34: B306 | I34: English | L34: German
B35: 2 Apr. | C35: English | F35: German | I35: Networking and IoT Solutions | J35: LI Yue | K35: B111 | L35: Networking and IoT Solutions | M35: LI Yue | N35: B111
B36: 3 Apr. | L36: German
B37: 4 Apr. | C37: Holiday
B38: 5 Apr.
A39: 6 | B39: 6 Apr.
B40: 7 Apr. | C40: English | F40: German | I40: Programming I (Python) | J40: ZHANG Feng | K40: B109 | L40: Programming I (Python) | M40: ZHANG Feng | N40: B109
B41: 8 Apr. | C41: Mathematics II | D41: ZHANG Yue | E41: B306 | F41: Mathematics II | G41: ZHANG Yue | H41: B306 | I41: English | L41: German
B42: 9 Apr. | C42: English | F42: German | I42: Networking and IoT Solutions | J42: LI Yue | K42: B111 | L42: Networking and IoT Solutions | M42: LI Yue | N42: B111
B43: 10 Apr. | L43: German
B44: 11 Apr.
B45: 12 Apr.
A46: 7 | B46: 13 Apr. | C46: Programming II (OOP with Python) | D46: DONG Yudong | E46: B110 | F46: Programming II (OOP with Python) | G46: DONG Yudong | H46: B110 | I46: English | L46: German
B47: 14 Apr. | C47: English | F47: German | I47: Programming I (Python) | J47: ZHANG Feng | K47: B109 | L47: Programming I (Python) | M47: ZHANG Feng | N47: B109
B48: 15 Apr. | C48: Mathematics II | D48: ZHANG Yue | E48: B306 | F48: Mathematics II | G48: ZHANG Yue | H48: B306 | I48: English | L48: German
B49: 16 Apr. | C49: English | F49: German | I49: Networking and IoT Solutions | J49: LI Yue | K49: B111 | L49: Networking and IoT Solutions | M49: LI Yue | N49: B111
B50: 17 Apr. | C50: Innovation and Project Management | D50: Dirk Klann | E50: B112 | F50: Innovation and Project Management | G50: Dirk Klann | H50: B112 | L50: German
B51: 18 Apr.
B52: 19 Apr.
A53: 8 | B53: 20 Apr. | C53: Programming II (OOP with Python) | D53: DONG Yudong | E53: B110 | F53: Programming II (OOP with Python) | G53: DONG Yudong | H53: B110 | I53: English | L53: German
B54: 21 Apr. | C54: English | F54: German | I54: Programming I (Python) | J54: ZHANG Feng | K54: B109 | L54: Programming I (Python) | M54: ZHANG Feng | N54: B109
B55: 22 Apr. | C55: Mathematics II | D55: ZHANG Yue | E55: B306 | F55: Mathematics II | G55: ZHANG Yue | H55: B306 | I55: English | L55: German
B56: 23 Apr. | C56: English | F56: German | I56: Networking and IoT Solutions | J56: LI Yue | K56: B111 | L56: Networking and IoT Solutions | M56: LI Yue | N56: B111
B57: 24 Apr. | C57: Innovation and Project Management | D57: Dirk Klann | E57: B112 | F57: Innovation and Project Management | G57: Dirk Klann | H57: B112 | L57: German
B58: 25 Apr.
B59: 26 Apr.
A60: 9 | B60: 27 Apr. | C60: Programming II (OOP with Python) | D60: DONG Yudong | E60: B110 | F60: Programming II (OOP with Python) | G60: DONG Yudong | H60: B110 | I60: English | L60: German
B61: 28 Apr. | C61: English | F61: German | I61: Programming I (Python) | J61: ZHANG Feng | K61: B109 | L61: Programming I (Python) | M61: ZHANG Feng | N61: B109
B62: 29 Apr. | C62: Mathematics II | D62: ZHANG Yue | E62: B306 | F62: Mathematics II | G62: ZHANG Yue | H62: B306 | I62: English | L62: German
B63: 30 Apr. | C63: English | F63: German | I63: Networking and IoT Solutions | J63: LI Yue | K63: B111 | L63: Networking and IoT Solutions | M63: LI Yue | N63: B111
B64: 1 May | C64: Holiday
B65: 2 May
B66: 3 May
A67: 10 | B67: 4 May
B68: 5 May
B69: 6 May | I69: English | L69: German
B70: 7 May | C70: English | F70: German
B71: 8 May | C71: Innovation and Project Management | D71: Dirk Klann | E71: B112 | F71: Innovation and Project Management | G71: Dirk Klann | H71: B112 | L71: German
B72: 9 May | C72: Programming II (OOP with Python) | D72: DONG Yudong | E72: B110 | F72: Programming II (OOP with Python) | G72: DONG Yudong | H72: B110
B73: 10 May
A74: 11 | B74: 11 May | C74: Programming II (OOP with Python) | D74: DONG Yudong | E74: B110 | F74: Programming II (OOP with Python) | G74: DONG Yudong | H74: B110 | I74: English | L74: German
B75: 12 May | C75: English | F75: German | I75: Programming I (Python) | J75: ZHANG Feng | K75: B109 | L75: Programming I (Python) | M75: ZHANG Feng | N75: B109
B76: 13 May | C76: Mathematics II | D76: ZHANG Yue | E76: B306 | F76: Mathematics II | G76: ZHANG Yue | H76: B306 | I76: English | L76: German
B77: 14 May | C77: English | F77: German | I77: Networking and IoT Solutions | J77: LI Yue | K77: B111 | L77: Networking and IoT Solutions | M77: LI Yue | N77: B111
B78: 15 May | C78: Innovation and Project Management | D78: Dirk Klann | E78: B112 | F78: Innovation and Project Management | G78: Dirk Klann | H78: B112 | L78: German
B79: 16 May
B80: 17 May
A81: 12 | B81: 18 May | C81: Programming II (OOP with Python) | D81: DONG Yudong | E81: B110 | F81: Programming II (OOP with Python) | G81: DONG Yudong | H81: B110 | I81: English | L81: German
B82: 19 May | C82: English | F82: German | I82: Programming I (Python) | J82: ZHANG Feng | K82: B109 | L82: Programming I (Python) | M82: ZHANG Feng | N82: B109
B83: 20 May | C83: Mathematics II | D83: ZHANG Yue | E83: B306 | F83: Mathematics II | G83: ZHANG Yue | H83: B306 | I83: English | L83: German
B84: 21 May | C84: English | F84: German | I84: Networking and IoT Solutions | J84: LI Yue | K84: B111 | L84: Networking and IoT Solutions | M84: LI Yue | N84: B111
B85: 22 May | C85: Innovation and Project Management | D85: Dirk Klann | E85: B112 | F85: Innovation and Project Management | G85: Dirk Klann | H85: B112 | L85: German
B86: 23 May
B87: 24 May
A88: 13 | B88: 25 May | C88: Programming II (OOP with Python) | D88: DONG Yudong | E88: B110 | F88: Programming II (OOP with Python) | G88: DONG Yudong | H88: B110 | I88: English | L88: German
B89: 26 May | C89: English | F89: German | I89: Programming I (Python) | J89: ZHANG Feng | L89: Programming I (Python) | M89: ZHANG Feng
B90: 27 May | C90: Mathematics II | D90: ZHANG Yue | E90: B306 | F90: Mathematics II | G90: ZHANG Yue | H90: B306 | I90: English | L90: German
B91: 28 May | C91: English | F91: German | I91: Networking and IoT Solutions | J91: LI Yue | K91: B111 | L91: Networking and IoT Solutions | M91: LI Yue | N91: B111
B92: 29 May | C92: Innovation and Project Management | D92: Dirk Klann | E92: B112 | F92: Innovation and Project Management | G92: Dirk Klann | H92: B112 | L92: German
B93: 30 May
B94: 31 May
A95: 14 | B95: 1 Jun. | C95: Programming II (OOP with Python) | D95: DONG Yudong | E95: B110 | F95: Programming II (OOP with Python) | G95: DONG Yudong | H95: B110 | I95: English | L95: German
B96: 2 Jun. | C96: English | F96: German | I96: Programming I (Python) | J96: ZHANG Feng | K96: B109 | L96: Programming I (Python) | M96: ZHANG Feng | N96: B109
B97: 3 Jun. | C97: Mathematics II | D97: ZHANG Yue | E97: B306 | F97: Mathematics II | G97: ZHANG Yue | H97: B306 | I97: English | L97: German
B98: 4 Jun. | C98: English | F98: German | I98: Networking and IoT Solutions | J98: LI Yue | K98: B111 | L98: Networking and IoT Solutions | M98: LI Yue | N98: B111
B99: 5 Jun. | C99: Innovation and Project Management | D99: Dirk Klann | E99: B112 | F99: Innovation and Project Management | G99: Dirk Klann | H99: B112 | L99: German
B100: 6 Jun.
B101: 7 Jun.
...

Sheet 2025DT3
A2: week | B2: date | C2: 1st Session | F2: 2nd Session | I2: 3rd Session | L2: 4th Session | O2: 5th Session | R2: 6th Session
C3: 8:30-10:00 | F3: 10:15-11:45 | I3: 14:30-16:00 | L3: 16:15-17:45 | O3: 18:35-20:05 | R3: 20:15-21:45
A4: 1 | B4: 2 Mar. | I4: English | L4: German | X4: Required TH | Y4: Required Sessions | Z4: Scheduled Sessions
B5: 3 Mar. | C5: English | F5: German | I5: Mathematics II | J5: ZHANG Yue | K5: B409 | L5: Mathematics II | M5: ZHANG Yue | N5: B409 | V5: Mathematics II | W5: ZHANG Yue | X5: 64 | Y5: ==X5/2 -> 32 | Z5: ==COUNTIFS($C$4:$T$150,V5) -> 32
B6: 4 Mar. | C6: Programming I (Python) | D6: ZHANG Feng | E6: B109 | F6: Programming I (Python) | G6: ZHANG Feng | H6: B109 | I6: English | L6: German | V6: Programming II (OOP with Python) | W6: DONG Yudong | X6: 60 | Y6: ==X6/2 -> 30 | Z6: ==COUNTIFS($C$4:$T$150,V6) -> 30
B7: 5 Mar. | C7: English | F7: German | V7: Networking and IoT Solutions | W7: LI Yue | X7: 60 | Y7: ==X7/2 -> 30 | Z7: ==COUNTIFS($C$4:$T$150,V7) -> 30
B8: 6 Mar. | L8: German | V8: Innovation and Project Management | W8: Dirk Klann | X8: 60 | Y8: ==X8/2 -> 30 | Z8: ==COUNTIFS($C$4:$T$150,V8) -> 30
B9: 7 Mar. | V9: Programming I (Python) | W9: ZHANG Feng | X9: 60 | Y9: ==X9/2 -> 30 | Z9: ==COUNTIFS($C$4:$T$150,V9) -> 30
B10: 8 Mar. | V10: German | X10: 180 | Y10: ==X10/2 -> 90 | Z10: ==COUNTIFS($C$4:$T$150,V10) -> 90
A11: 2 | B11: 9 Mar. | I11: English | L11: German | V11: English | X11: 60 | Y11: ==X11/2 -> 30 | Z11: ==COUNTIFS($C$4:$T$150,V11) -> 61
B12: 10 Mar. | C12: English | F12: German | I12: Mathematics II | J12: ZHANG Yue | K12: B409 | L12: Mathematics II | M12: ZHANG Yue | N12: B409
B13: 11 Mar. | C13: Programming I (Python) | D13: ZHANG Feng | E13: B109 | F13: Programming I (Python) | G13: ZHANG Feng | H13: B109 | I13: English | L13: German
B14: 12 Mar. | C14: English | F14: German
B15: 13 Mar. | C15: Networking and IoT Solutions | D15: LI Yue | E15: B111 | F15: Networking and IoT Solutions | G15: LI Yue | H15: B111 | L15: German
B16: 14 Mar.
B17: 15 Mar.
A18: 3 | B18: 16 Mar. | I18: English | L18: German
B19: 17 Mar. | C19: English | F19: German | I19: Mathematics II | J19: ZHANG Yue | K19: B409 | L19: Mathematics II | M19: ZHANG Yue | N19: B409
B20: 18 Mar. | C20: Programming I (Python) | D20: ZHANG Feng | E20: B109 | F20: Programming I (Python) | G20: ZHANG Feng | H20: B109 | I20: English | L20: German
B21: 19 Mar. | C21: English | F21: German
B22: 20 Mar. | C22: Networking and IoT Solutions | D22: LI Yue | E22: B111 | F22: Networking and IoT Solutions | G22: LI Yue | H22: B111 | L22: German
B23: 21 Mar.
B24: 22 Mar.
A25: 4 | B25: 23 Mar. | I25: English | L25: German
B26: 24 Mar. | C26: English | F26: German | I26: Mathematics II | J26: ZHANG Yue | K26: B409 | L26: Mathematics II | M26: ZHANG Yue | N26: B409
B27: 25 Mar. | C27: Programming I (Python) | D27: ZHANG Feng | E27: B109 | F27: Programming I (Python) | G27: ZHANG Feng | H27: B109 | I27: English | L27: German
B28: 26 Mar. | C28: English | F28: German | I28: Programming II (OOP with Python) | J28: DONG Yudong | K28: B110 | L28: Programming II (OOP with Python) | M28: DONG Yudong | N28: B110
B29: 27 Mar. | C29: Networking and IoT Solutions | D29: LI Yue | E29: B111 | F29: Networking and IoT Solutions | G29: LI Yue | H29: B111 | L29: German
B30: 28 Mar.
B31: 29 Mar.
A32: 5 | B32: 30 Mar. | I32: English | L32: German
B33: 31 Mar. | C33: English | F33: German | I33: Mathematics II | J33: ZHANG Yue | K33: B409 | L33: Mathematics II | M33: ZHANG Yue | N33: B409
B34: 1 Apr. | C34: Programming I (Python) | D34: ZHANG Feng | E34: B109 | F34: Programming I (Python) | G34: ZHANG Feng | H34: B109 | I34: English | L34: German
B35: 2 Apr. | C35: English | F35: German | I35: Programming II (OOP with Python) | J35: DONG Yudong | K35: B110 | L35: Programming II (OOP with Python) | M35: DONG Yudong | N35: B110
B36: 3 Apr. | C36: Networking and IoT Solutions | D36: LI Yue | E36: B111 | F36: Networking and IoT Solutions | G36: LI Yue | H36: B111 | L36: German
B37: 4 Apr. | C37: Holiday
B38: 5 Apr.
A39: 6 | B39: 6 Apr.
B40: 7 Apr. | C40: English | F40: German | I40: Mathematics II | J40: ZHANG Yue | K40: B409 | L40: Mathematics II | M40: ZHANG Yue | N40: B409
B41: 8 Apr. | C41: Programming I (Python) | D41: ZHANG Feng | E41: B109 | F41: Programming I (Python) | G41: ZHANG Feng | H41: B109 | I41: English | L41: German
B42: 9 Apr. | C42: English | F42: German | I42: Programming II (OOP with Python) | J42: DONG Yudong | K42: B110 | L42: Programming II (OOP with Python) | M42: DONG Yudong | N42: B110
B43: 10 Apr. | C43: Networking and IoT Solutions | D43: LI Yue | E43: B111 | F43: Networking and IoT Solutions | G43: LI Yue | H43: B111 | L43: German
B44: 11 Apr.
B45: 12 Apr.
A46: 7 | B46: 13 Apr. | C46: Innovation and Project Management | D46: Dirk Klann | E46: B112 | F46: Innovation and Project Management | G46: Dirk Klann | H46: B112 | I46: English | L46: German
B47: 14 Apr. | C47: English | F47: German | I47: Mathematics II | J47: ZHANG Yue | K47: B409 | L47: Mathematics II | M47: ZHANG Yue | N47: B409
B48: 15 Apr. | C48: Programming I (Python) | D48: ZHANG Feng | E48: B109 | F48: Programming I (Python) | G48: ZHANG Feng | H48: B109 | I48: English | L48: German
B49: 16 Apr. | C49: English | F49: German | I49: Programming II (OOP with Python) | J49: DONG Yudong | K49: B110 | L49: Programming II (OOP with Python) | M49: DONG Yudong | N49: B110
B50: 17 Apr. | C50: Networking and IoT Solutions | D50: LI Yue | E50: B111 | F50: Networking and IoT Solutions | G50: LI Yue | H50: B111 | L50: German
B51: 18 Apr.
B52: 19 Apr.
A53: 8 | B53: 20 Apr. | C53: Innovation and Project Management | D53: Dirk Klann | E53: B112 | F53: Innovation and Project Management | G53: Dirk Klann | H53: B112 | I53: English | L53: German
B54: 21 Apr. | C54: English | F54: German | I54: Mathematics II | J54: ZHANG Yue | K54: B409 | L54: Mathematics II | M54: ZHANG Yue | N54: B409
B55: 22 Apr. | C55: Programming I (Python) | D55: ZHANG Feng | E55: B109 | F55: Programming I (Python) | G55: ZHANG Feng | H55: B109 | I55: English | L55: German
B56: 23 Apr. | C56: English | F56: German | I56: Programming II (OOP with Python) | J56: DONG Yudong | K56: B110 | L56: Programming II (OOP with Python) | M56: DONG Yudong | N56: B110
B57: 24 Apr. | C57: Networking and IoT Solutions | D57: LI Yue | E57: B111 | F57: Networking and IoT Solutions | G57: LI Yue | H57: B111 | L57: German
B58: 25 Apr.
B59: 26 Apr.
A60: 9 | B60: 27 Apr. | C60: Innovation and Project Management | D60: Dirk Klann | E60: B112 | F60: Innovation and Project Management | G60: Dirk Klann | H60: B112 | I60: English | L60: German
B61: 28 Apr. | C61: English | F61: German | I61: Mathematics II | J61: ZHANG Yue | K61: B409 | L61: Mathematics II | M61: ZHANG Yue | N61: B409
B62: 29 Apr. | C62: Programming I (Python) | D62: ZHANG Feng | E62: B109 | F62: Programming I (Python) | G62: ZHANG Feng | H62: B109 | I62: English | L62: German
B63: 30 Apr. | C63: English | F63: German | I63: Programming II (OOP with Python) | J63: DONG Yudong | K63: B110 | L63: Programming II (OOP with Python) | M63: DONG Yudong | N63: B110
B64: 1 May | C64: Holiday
B65: 2 May
B66: 3 May
A67: 10 | B67: 4 May
B68: 5 May
B69: 6 May | I69: English | L69: German
B70: 7 May | C70: English | F70: German
B71: 8 May | C71: Networking and IoT Solutions | D71: LI Yue | E71: B111 | F71: Networking and IoT Solutions | G71: LI Yue | H71: B111 | L71: German
B72: 9 May | C72: Innovation and Project Management | D72: Dirk Klann | E72: B112 | F72: Innovation and Project Management | G72: Dirk Klann | H72: B112
B73: 10 May
A74: 11 | B74: 11 May | C74: Innovation and Project Management | D74: Dirk Klann | E74: B112 | F74: Innovation and Project Management | G74: Dirk Klann | H74: B112 | I74: English | L74: German
B75: 12 May | C75: English | F75: German | I75: Mathematics II | J75: ZHANG Yue | K75: B409 | L75: Mathematics II | M75: ZHANG Yue | N75: B409
B76: 13 May | C76: Programming I (Python) | D76: ZHANG Feng | E76: B109 | F76: Programming I (Python) | G76: ZHANG Feng | H76: B109 | I76: English | L76: German
B77: 14 May | C77: English | F77: German | I77: Programming II (OOP with Python) | J77: DONG Yudong | K77: B110 | L77: Programming II (OOP with Python) | M77: DONG Yudong | N77: B110
B78: 15 May | C78: Networking and IoT Solutions | D78: LI Yue | E78: B111 | F78: Networking and IoT Solutions | G78: LI Yue | H78: B111 | L78: German
B79: 16 May
B80: 17 May
A81: 12 | B81: 18 May | C81: Innovation and Project Management | D81: Dirk Klann | E81: B112 | F81: Innovation and Project Management | G81: Dirk Klann | H81: B112 | I81: English | L81: German
B82: 19 May | C82: English | F82: German | I82: Mathematics II | J82: ZHANG Yue | K82: B409 | L82: Mathematics II | M82: ZHANG Yue | N82: B409
B83: 20 May | C83: Programming I (Python) | D83: ZHANG Feng | E83: B109 | F83: Programming I (Python) | G83: ZHANG Feng | H83: B109 | I83: English | L83: German
B84: 21 May | C84: English | F84: German | I84: Programming II (OOP with Python) | J84: DONG Yudong | K84: B110 | L84: Programming II (OOP with Python) | M84: DONG Yudong | N84: B110
B85: 22 May | C85: Networking and IoT Solutions | D85: LI Yue | E85: B111 | F85: Networking and IoT Solutions | G85: LI Yue | H85: B111 | L85: German
B86: 23 May
B87: 24 May
A88: 13 | B88: 25 May | C88: Innovation and Project Management | D88: Dirk Klann | E88: B112 | F88: Innovation and Project Management | G88: Dirk Klann | H88: B112 | I88: English | L88: German
B89: 26 May | C89: English | F89: German | I89: Mathematics II | J89: ZHANG Yue | K89: B409 | L89: Mathematics II | M89: ZHANG Yue | N89: B409
B90: 27 May | C90: Programming I (Python) | D90: ZHANG Feng | E90: B109 | F90: Programming I (Python) | G90: ZHANG Feng | H90: B109 | I90: English | L90: German
B91: 28 May | C91: English | F91: German | I91: Programming II (OOP with Python) | J91: DONG Yudong | K91: B110 | L91: Programming II (OOP with Python) | M91: DONG Yudong | N91: B110
B92: 29 May | C92: Networking and IoT Solutions | D92: LI Yue | E92: B111 | F92: Networking and IoT Solutions | G92: LI Yue | H92: B111 | L92: German
B93: 30 May
B94: 31 May
A95: 14 | B95: 1 Jun. | C95: Innovation and Project Management | D95: Dirk Klann | E95: B112 | F95: Innovation and Project Management | G95: Dirk Klann | H95: B112 | I95: English | L95: German
B96: 2 Jun. | C96: English | F96: German | I96: Mathematics II | J96: ZHANG Yue | K96: B409 | L96: Mathematics II | M96: ZHANG Yue | N96: B409
B97: 3 Jun. | C97: Programming I (Python) | D97: ZHANG Feng | F97: Programming I (Python) | G97: ZHANG Feng | I97: English | L97: German
B98: 4 Jun. | C98: English | F98: German | I98: Programming II (OOP with Python) | J98: DONG Yudong | K98: B110 | L98: Programming II (OOP with Python) | M98: DONG Yudong | N98: B110
B99: 5 Jun. | C99: Networking and IoT Solutions | D99: LI Yue | E99: B111 | F99: Networking and IoT Solutions | G99: LI Yue | H99: B111 | L99: German
B100: 6 Jun.
B101: 7 Jun.
...

Sheet 2025IE1
A2: week | B2: date | C2: 1st Session | F2: 2nd Session | I2: 3rd Session | L2: 4th Session | O2: 5th Session | R2: 6th Session
C3: 8:30-10:00 | F3: 10:15-11:45 | I3: 14:30-16:00 | L3: 16:15-17:45 | O3: 18:35-20:05 | R3: 20:15-21:45
A4: 1 | B4: 2 Mar. | C4: English | F4: German | X4: Required TH | Y4: Required Sessions | Z4: Scheduled Sessions
B5: 3 Mar. | C5: Mathematics II | D5: LIU Zhao | E5: B109 | F5: Mathematics II | G5: LIU Zhao | H5: B109 | I5: English | L5: German | V5: Mathematics II | W5: LIU Zhao | X5: 64 | Y5: ==X5/2 -> 32 | Z5: ==COUNTIFS($C$4:$T$150,V5) -> 32
B6: 4 Mar. | C6: English | F6: German | I6: Physics | J6: SUN Lidong | K6: A104 | L6: Physics | M6: SUN Lidong | N6: A104 | V6: Physics | W6: SUN Lidong | X6: 64 | Y6: ==X6/2 -> 32 | Z6: ==COUNTIFS($C$4:$T$150,V6) -> 32
B7: 5 Mar. | C7: Programming II (OOP with Python) | D7: Ahmad Ali | E7: B410 | F7: Programming II (OOP with Python) | G7: Ahmad Ali | H7: B410 | I7: English | L7: German | V7: Programming II (OOP with Python) | W7: Ahmad Ali | X7: 60 | Y7: ==X7/2 -> 30 | Z7: ==COUNTIFS($C$4:$T$150,V7) -> 30
B8: 6 Mar. | F8: German | V8: Procurement, Production and Logistics | W8: Mehdi Foumani | X8: 60 | Y8: ==X8/2 -> 30 | Z8: ==COUNTIFS($C$4:$T$150,V8) -> 30
B9: 7 Mar. | V9: Introduction to Project work | W9: Steve Yao | X9: 48 | Y9: ==X9/2 -> 24 | Z9: ==COUNTIFS($C$4:$T$150,V9) -> 24
B10: 8 Mar. | V10: German | X10: 180 | Y10: ==X10/2 -> 90 | Z10: ==COUNTIFS($C$4:$T$150,V10) -> 90
A11: 2 | B11: 9 Mar. | C11: English | F11: German | V11: English | X11: 60 | Y11: ==X11/2 -> 30 | Z11: ==COUNTIFS($C$4:$T$150,V11) -> 61
B12: 10 Mar. | C12: Mathematics II | D12: LIU Zhao | E12: B109 | F12: Mathematics II | G12: LIU Zhao | H12: B109 | I12: English | L12: German
B13: 11 Mar. | C13: English | F13: German | I13: Physics | J13: SUN Lidong | K13: A104 | L13: Physics | M13: SUN Lidong | N13: A104
B14: 12 Mar. | C14: Programming II (OOP with Python) | D14: Ahmad Ali | E14: B410 | F14: Programming II (OOP with Python) | G14: Ahmad Ali | H14: B410 | I14: English | L14: German
B15: 13 Mar. | F15: German | I15: Procurement, Production and Logistics | J15: Mehdi Foumani | K15: A103 | L15: Procurement, Production and Logistics | M15: Mehdi Foumani | N15: A103
B16: 14 Mar.
B17: 15 Mar.
A18: 3 | B18: 16 Mar. | C18: English | F18: German
B19: 17 Mar. | C19: Mathematics II | D19: LIU Zhao | E19: B109 | F19: Mathematics II | G19: LIU Zhao | H19: B109 | I19: English | L19: German
B20: 18 Mar. | C20: English | F20: German | I20: Physics | J20: SUN Lidong | K20: A104 | L20: Physics | M20: SUN Lidong | N20: A104
B21: 19 Mar. | C21: Programming II (OOP with Python) | D21: Ahmad Ali | E21: B410 | F21: Programming II (OOP with Python) | G21: Ahmad Ali | H21: B410 | I21: English | L21: German
B22: 20 Mar. | F22: German | I22: Introduction to Project Work | J22: Steve Yao | K22: A104 | L22: Introduction to Project Work | M22: Steve Yao | N22: A104
B23: 21 Mar.
B24: 22 Mar.
A25: 4 | B25: 23 Mar. | C25: English | F25: German | I25: Introduction to Project Work | J25: Steve Yao | K25: A104 | L25: Introduction to Project Work | M25: Steve Yao | N25: A104
B26: 24 Mar. | C26: Mathematics II | D26: LIU Zhao | E26: B109 | F26: Mathematics II | G26: LIU Zhao | H26: B109 | I26: English | L26: German
B27: 25 Mar. | C27: English | F27: German | I27: Physics | J27: SUN Lidong | K27: A104 | L27: Physics | M27: SUN Lidong | N27: A104
B28: 26 Mar. | C28: Programming II (OOP with Python) | D28: Ahmad Ali | E28: B410 | F28: Programming II (OOP with Python) | G28: Ahmad Ali | H28: B410 | I28: English | L28: German
B29: 27 Mar. | F29: German | I29: Introduction to Project Work | J29: Steve Yao | K29: A104 | L29: Introduction to Project Work | M29: Steve Yao | N29: A104
B30: 28 Mar.
B31: 29 Mar.
A32: 5 | B32: 30 Mar. | C32: English | F32: German | I32: Introduction to Project Work | J32: Steve Yao | K32: A104 | L32: Introduction to Project Work | M32: Steve Yao | N32: A104
B33: 31 Mar. | C33: Mathematics II | D33: LIU Zhao | E33: B109 | F33: Mathematics II | G33: LIU Zhao | H33: B109 | I33: English | L33: German
B34: 1 Apr. | C34: English | F34: German | I34: Physics | J34: SUN Lidong | K34: A104 | L34: Physics | M34: SUN Lidong | N34: A104
B35: 2 Apr. | C35: Programming II (OOP with Python) | D35: Ahmad Ali | E35: B410 | F35: Programming II (OOP with Python) | G35: Ahmad Ali | H35: B410 | I35: English | L35: German
B36: 3 Apr. | F36: German | I36: Introduction to Project Work | J36: Steve Yao | K36: A104 | L36: Introduction to Project Work | M36: Steve Yao | N36: A104
B37: 4 Apr. | C37: Holiday
B38: 5 Apr.
A39: 6 | B39: 6 Apr.
B40: 7 Apr. | C40: Mathematics II | D40: LIU Zhao | E40: B109 | F40: Mathematics II | G40: LIU Zhao | H40: B109 | I40: English | L40: German
B41: 8 Apr. | C41: English | F41: German | I41: Physics | J41: SUN Lidong | K41: A104 | L41: Physics | M41: SUN Lidong | N41: A104
B42: 9 Apr. | C42: Programming II (OOP with Python) | D42: Ahmad Ali | E42: B410 | F42: Programming II (OOP with Python) | G42: Ahmad Ali | H42: B410 | I42: English | L42: German
B43: 10 Apr. | F43: German | I43: Introduction to Project Work | J43: Steve Yao | K43: A104 | L43: Introduction to Project Work | M43: Steve Yao | N43: A104
B44: 11 Apr.
B45: 12 Apr.
A46: 7 | B46: 13 Apr. | C46: English | F46: German | I46: Introduction to Project Work | J46: Steve Yao | K46: A104 | L46: Introduction to Project Work | M46: Steve Yao | N46: A104
B47: 14 Apr. | C47: Mathematics II | D47: LIU Zhao | E47: B109 | F47: Mathematics II | G47: LIU Zhao | H47: B109 | I47: English | L47: German
B48: 15 Apr. | C48: English | F48: German | I48: Physics | J48: SUN Lidong | K48: A104 | L48: Physics | M48: SUN Lidong | N48: A104
B49: 16 Apr. | C49: Programming II (OOP with Python) | D49: Ahmad Ali | E49: B410 | F49: Programming II (OOP with Python) | G49: Ahmad Ali | H49: B410 | I49: English | L49: German
B50: 17 Apr. | F50: German | I50: Procurement, Production and Logistics | J50: Mehdi Foumani | K50: A103 | L50: Procurement, Production and Logistics | M50: Mehdi Foumani | N50: A103
B51: 18 Apr.
B52: 19 Apr.
A53: 8 | B53: 20 Apr. | C53: English | F53: German
B54: 21 Apr. | C54: Mathematics II | D54: LIU Zhao | E54: B109 | F54: Mathematics II | G54: LIU Zhao | H54: B109 | I54: English | L54: German
B55: 22 Apr. | C55: English | F55: German | I55: Physics | J55: SUN Lidong | K55: A104 | L55: Physics | M55: SUN Lidong | N55: A104
B56: 23 Apr. | C56: Programming II (OOP with Python) | D56: Ahmad Ali | E56: B410 | F56: Programming II (OOP with Python) | G56: Ahmad Ali | H56: B410 | I56: English | L56: German
B57: 24 Apr. | F57: German | I57: Procurement, Production and Logistics | J57: Mehdi Foumani | K57: A103 | L57: Procurement, Production and Logistics | M57: Mehdi Foumani | N57: A103
B58: 25 Apr.
B59: 26 Apr.
A60: 9 | B60: 27 Apr. | C60: English | F60: German
B61: 28 Apr. | C61: Mathematics II | D61: LIU Zhao | E61: B109 | F61: Mathematics II | G61: LIU Zhao | H61: B109 | I61: English | L61: German
B62: 29 Apr. | C62: English | F62: German | I62: Physics | J62: SUN Lidong | K62: A104 | L62: Physics | M62: SUN Lidong | N62: A104
B63: 30 Apr. | C63: Programming II (OOP with Python) | D63: Ahmad Ali | E63: B410 | F63: Programming II (OOP with Python) | G63: Ahmad Ali | H63: B410 | I63: English | L63: German
B64: 1 May | C64: Holiday
B65: 2 May
B66: 3 May
A67: 10 | B67: 4 May
B68: 5 May
B69: 6 May | C69: English | F69: German
B70: 7 May | C70: Programming II (OOP with Python) | D70: Ahmad Ali | E70: B410 | F70: Programming II (OOP with Python) | G70: Ahmad Ali | H70: B410 | I70: English | L70: German
B71: 8 May | F71: German | I71: Introduction to Project Work | J71: Steve Yao | K71: A104 | L71: Introduction to Project Work | M71: Steve Yao | N71: A104
B72: 9 May | I72: Procurement, Production and Logistics | J72: Mehdi Foumani | K72: A103 | L72: Procurement, Production and Logistics | M72: Mehdi Foumani | N72: A103
B73: 10 May
A74: 11 | B74: 11 May | C74: English | F74: German | I74: Introduction to Project Work | J74: Steve Yao | K74: A104 | L74: Introduction to Project Work | M74: Steve Yao | N74: A104
B75: 12 May | C75: Mathematics II | D75: LIU Zhao | E75: B109 | F75: Mathematics II | G75: LIU Zhao | H75: B109 | I75: English | L75: German
B76: 13 May | C76: English | F76: German | I76: Physics | J76: SUN Lidong | K76: A104 | L76: Physics | M76: SUN Lidong | N76: A104
B77: 14 May | C77: Programming II (OOP with Python) | D77: Ahmad Ali | E77: B410 | F77: Programming II (OOP with Python) | G77: Ahmad Ali | H77: B410 | I77: English | L77: German
B78: 15 May | F78: German | I78: Introduction to Project Work | J78: Steve Yao | K78: A104 | L78: Introduction to Project Work | M78: Steve Yao | N78: A104
B79: 16 May
B80: 17 May
A81: 12 | B81: 18 May | C81: English | F81: German | I81: Introduction to Project Work | J81: Steve Yao | K81: A104 | L81: Introduction to Project Work | M81: Steve Yao | N81: A104
B82: 19 May | C82: Mathematics II | D82: LIU Zhao | E82: B109 | F82: Mathematics II | G82: LIU Zhao | H82: B109 | I82: English | L82: German
B83: 20 May | C83: English | F83: German | I83: Physics | J83: SUN Lidong | K83: A104 | L83: Physics | M83: SUN Lidong | N83: A104
B84: 21 May | C84: Programming II (OOP with Python) | D84: Ahmad Ali | E84: B410 | F84: Programming II (OOP with Python) | G84: Ahmad Ali | H84: B410 | I84: English | L84: German
B85: 22 May | F85: German | I85: Introduction to Project Work | J85: Steve Yao | K85: A104 | L85: Introduction to Project Work | M85: Steve Yao | N85: A104
B86: 23 May
B87: 24 May
A88: 13 | B88: 25 May | C88: English | F88: German
B89: 26 May | C89: Mathematics II | D89: LIU Zhao | E89: B109 | F89: Mathematics II | G89: LIU Zhao | H89: B109 | I89: English | L89: German
B90: 27 May | C90: English | F90: German | I90: Physics | J90: SUN Lidong | K90: A104 | L90: Physics | M90: SUN Lidong | N90: A104
B91: 28 May | C91: Programming II (OOP with Python) | D91: Ahmad Ali | E91: B410 | F91: Programming II (OOP with Python) | G91: Ahmad Ali | H91: B410 | I91: English | L91: German
B92: 29 May | F92: German | I92: Procurement, Production and Logistics | J92: Mehdi Foumani | K92: A103 | L92: Procurement, Production and Logistics | M92: Mehdi Foumani | N92: A103
B93: 30 May
B94: 31 May
A95: 14 | B95: 1 Jun. | C95: English | F95: German
B96: 2 Jun. | C96: Mathematics II | D96: LIU Zhao | E96: B109 | F96: Mathematics II | G96: LIU Zhao | H96: B109 | I96: English | L96: German
B97: 3 Jun. | C97: English | F97: German | I97: Physics | J97: SUN Lidong | K97: A104 | L97: Physics | M97: SUN Lidong | N97: A104
B98: 4 Jun. | C98: Programming II (OOP with Python) | D98: Ahmad Ali | E98: B410 | F98: Programming II (OOP with Python) | G98: Ahmad Ali | H98: B410 | I98: English | L98: German
B99: 5 Jun. | F99: German | I99: Procurement, Production and Logistics | J99: Mehdi Foumani | K99: A103 | L99: Procurement, Production and Logistics | M99: Mehdi Foumani | N99: A103
B100: 6 Jun.
B101: 7 Jun.
...

Sheet 2025IE2
A2: week | B2: date | C2: 1st Session | F2: 2nd Session | I2: 3rd Session | L2: 4th Session | O2: 5th Session | R2: 6th Session
C3: 8:30-10:00 | F3: 10:15-11:45 | I3: 14:30-16:00 | L3: 16:15-17:45 | O3: 18:35-20:05 | R3: 20:15-21:45
A4: 1 | B4: 2 Mar. | C4: English | F4: German | X4: Required TH | Y4: Required Sessions | Z4: Scheduled Sessions
B5: 3 Mar. | C5: Physics | D5: SUN Lidong | E5: A104 | F5: Physics | G5: SUN Lidong | H5: A104 | I5: English | L5: German | V5: Mathematics II | W5: LIU Zhao | X5: 64 | Y5: ==X5/2 -> 32 | Z5: ==COUNTIFS($C$4:$T$150,V5) -> 32
B6: 4 Mar. | C6: English | F6: German | I6: Mathematics II | J6: LIU Zhao | K6: B410 | L6: Mathematics II | M6: LIU Zhao | N6: B410 | V6: Physics | W6: SUN Lidong | X6: 64 | Y6: ==X6/2 -> 32 | Z6: ==COUNTIFS($C$4:$T$150,V6) -> 32
B7: 5 Mar. | I7: English | L7: German | V7: Programming II (OOP with Python) | W7: Ahmad Ali | X7: 60 | Y7: ==X7/2 -> 30 | Z7: ==COUNTIFS($C$4:$T$150,V7) -> 30
B8: 6 Mar. | F8: German | I8: Programming II (OOP with Python) | J8: Ahmad Ali | K8: B409 | L8: Programming II (OOP with Python) | M8: Ahmad Ali | N8: B409 | V8: Procurement, Production and Logistics | W8: Mehdi Foumani | X8: 60 | Y8: ==X8/2 -> 30 | Z8: ==COUNTIFS($C$4:$T$150,V8) -> 30
B9: 7 Mar. | V9: Introduction to Project work | W9: Steve Yao | X9: 48 | Y9: ==X9/2 -> 24 | Z9: ==COUNTIFS($C$4:$T$150,V9) -> 24
B10: 8 Mar. | V10: German | X10: 180 | Y10: ==X10/2 -> 90 | Z10: ==COUNTIFS($C$4:$T$150,V10) -> 90
A11: 2 | B11: 9 Mar. | C11: English | F11: German | V11: English | X11: 60 | Y11: ==X11/2 -> 30 | Z11: ==COUNTIFS($C$4:$T$150,V11) -> 61
B12: 10 Mar. | C12: Physics | D12: SUN Lidong | E12: A104 | F12: Physics | G12: SUN Lidong | H12: A104 | I12: English | L12: German
B13: 11 Mar. | C13: English | F13: German | I13: Mathematics II | J13: LIU Zhao | K13: B410 | L13: Mathematics II | M13: LIU Zhao | N13: B410
B14: 12 Mar. | C14: Procurement, Production and Logistics | D14: Mehdi Foumani | E14: A103 | F14: Procurement, Production and Logistics | G14: Mehdi Foumani | H14: A103 | I14: English | L14: German
B15: 13 Mar. | F15: German | I15: Programming II (OOP with Python) | J15: Ahmad Ali | K15: B409 | L15: Programming II (OOP with Python) | M15: Ahmad Ali | N15: B409
B16: 14 Mar.
B17: 15 Mar.
A18: 3 | B18: 16 Mar. | C18: English | F18: German
B19: 17 Mar. | C19: Physics | D19: SUN Lidong | E19: A104 | F19: Physics | G19: SUN Lidong | H19: A104 | I19: English | L19: German
B20: 18 Mar. | C20: English | F20: German | I20: Mathematics II | J20: LIU Zhao | K20: B410 | L20: Mathematics II | M20: LIU Zhao | N20: B410
B21: 19 Mar. | C21: Introduction to Project Work | D21: Steve Yao | E21: A104 | F21: Introduction to Project Work | G21: Steve Yao | H21: A104 | I21: English | L21: German
B22: 20 Mar. | F22: German | I22: Programming II (OOP with Python) | J22: Ahmad Ali | K22: B409 | L22: Programming II (OOP with Python) | M22: Ahmad Ali | N22: B409
B23: 21 Mar. | I23: Introduction to Project Work | J23: Steve Yao | K23: A104 | L23: Introduction to Project Work | M23: Steve Yao | N23: A104
B24: 22 Mar.
A25: 4 | B25: 23 Mar. | C25: English | F25: German
B26: 24 Mar. | C26: Physics | D26: SUN Lidong | E26: A104 | F26: Physics | G26: SUN Lidong | H26: A104 | I26: English | L26: German
B27: 25 Mar. | C27: English | F27: German | I27: Mathematics II | J27: LIU Zhao | K27: B410 | L27: Mathematics II | M27: LIU Zhao | N27: B410
B28: 26 Mar. | C28: Introduction to Project Work | D28: Steve Yao | E28: A104 | F28: Introduction to Project Work | G28: Steve Yao | H28: A104 | I28: English | L28: German
B29: 27 Mar. | F29: German | I29: Programming II (OOP with Python) | J29: Ahmad Ali | K29: B409 | L29: Programming II (OOP with Python) | M29: Ahmad Ali | N29: B409
B30: 28 Mar. | I30: Introduction to Project Work | J30: Steve Yao | K30: A104 | L30: Introduction to Project Work | M30: Steve Yao | N30: A104
B31: 29 Mar.
A32: 5 | B32: 30 Mar. | C32: English | F32: German
B33: 31 Mar. | C33: Physics | D33: SUN Lidong | E33: A104 | F33: Physics | G33: SUN Lidong | H33: A104 | I33: English | L33: German
B34: 1 Apr. | C34: English | F34: German | I34: Mathematics II | J34: LIU Zhao | K34: B410 | L34: Mathematics II | M34: LIU Zhao | N34: B410
B35: 2 Apr. | C35: Introduction to Project Work | D35: Steve Yao | E35: A104 | F35: Introduction to Project Work | G35: Steve Yao | H35: A104 | I35: English | L35: German
B36: 3 Apr. | F36: German | I36: Programming II (OOP with Python) | J36: Ahmad Ali | K36: B409 | L36: Programming II (OOP with Python) | M36: Ahmad Ali | N36: B409
B37: 4 Apr. | C37: Holiday
B38: 5 Apr.
A39: 6 | B39: 6 Apr.
B40: 7 Apr. | C40: Physics | D40: SUN Lidong | E40: A104 | F40: Physics | G40: SUN Lidong | H40: A104 | I40: English | L40: German
B41: 8 Apr. | C41: English | F41: German | I41: Mathematics II | J41: LIU Zhao | K41: B410 | L41: Mathematics II | M41: LIU Zhao | N41: B410
B42: 9 Apr. | C42: Introduction to Project Work | D42: Steve Yao | E42: A104 | F42: Introduction to Project Work | G42: Steve Yao | H42: A104 | I42: English | L42: German
B43: 10 Apr. | F43: German | I43: Programming II (OOP with Python) | J43: Ahmad Ali | K43: B409 | L43: Programming II (OOP with Python) | M43: Ahmad Ali | N43: B409
B44: 11 Apr. | I44: Introduction to Project Work | J44: Steve Yao | K44: A104 | L44: Introduction to Project Work | M44: Steve Yao | N44: A104
B45: 12 Apr.
A46: 7 | B46: 13 Apr. | C46: English | F46: German
B47: 14 Apr. | C47: Physics | D47: SUN Lidong | E47: A104 | F47: Physics | G47: SUN Lidong | H47: A104 | I47: English | L47: German
B48: 15 Apr. | C48: English | F48: German | I48: Mathematics II | J48: LIU Zhao | K48: B410 | L48: Mathematics II | M48: LIU Zhao | N48: B410
B49: 16 Apr. | C49: Procurement, Production and Logistics | D49: Mehdi Foumani | E49: A103 | F49: Procurement, Production and Logistics | G49: Mehdi Foumani | H49: A103 | I49: English | L49: German
B50: 17 Apr. | F50: German | I50: Programming II (OOP with Python) | J50: Ahmad Ali | K50: B409 | L50: Programming II (OOP with Python) | M50: Ahmad Ali | N50: B409
B51: 18 Apr.
B52: 19 Apr.
A53: 8 | B53: 20 Apr. | C53: English | F53: German
B54: 21 Apr. | C54: Physics | D54: SUN Lidong | E54: A104 | F54: Physics | G54: SUN Lidong | H54: A104 | I54: English | L54: German
B55: 22 Apr. | C55: English | F55: German | I55: Mathematics II | J55: LIU Zhao | K55: B410 | L55: Mathematics II | M55: LIU Zhao | N55: B410
B56: 23 Apr. | C56: Procurement, Production and Logistics | D56: Mehdi Foumani | E56: A103 | F56: Procurement, Production and Logistics | G56: Mehdi Foumani | H56: A103 | I56: English | L56: German
B57: 24 Apr. | F57: German | I57: Programming II (OOP with Python) | J57: Ahmad Ali | K57: B409 | L57: Programming II (OOP with Python) | M57: Ahmad Ali | N57: B409
B58: 25 Apr.
B59: 26 Apr.
A60: 9 | B60: 27 Apr. | C60: English | F60: German
B61: 28 Apr. | C61: Physics | D61: SUN Lidong | E61: A104 | F61: Physics | G61: SUN Lidong | H61: A104 | I61: English | L61: German
B62: 29 Apr. | C62: English | F62: German | I62: Mathematics II | J62: LIU Zhao | K62: B410 | L62: Mathematics II | M62: LIU Zhao | N62: B410
B63: 30 Apr. | I63: English | L63: German
B64: 1 May | C64: Holiday
B65: 2 May
B66: 3 May
A67: 10 | B67: 4 May
B68: 5 May
B69: 6 May | C69: English | F69: German
B70: 7 May | C70: Introduction to Project Work | D70: Steve Yao | E70: A104 | F70: Introduction to Project Work | G70: Steve Yao | H70: A104 | I70: English | L70: German
B71: 8 May | F71: German | I71: Programming II (OOP with Python) | J71: Ahmad Ali | K71: B409 | L71: Programming II (OOP with Python) | M71: Ahmad Ali | N71: B409
B72: 9 May | C72: Procurement, Production and Logistics | D72: Mehdi Foumani | E72: A103 | F72: Procurement, Production and Logistics | G72: Mehdi Foumani | H72: A103 | I72: Introduction to Project Work | J72: Steve Yao | K72: A104 | L72: Introduction to Project Work | M72: Steve Yao | N72: A104
B73: 10 May
A74: 11 | B74: 11 May | C74: English | F74: German
B75: 12 May | C75: Physics | D75: SUN Lidong | E75: A104 | F75: Physics | G75: SUN Lidong | H75: A104 | I75: English | L75: German
B76: 13 May | C76: English | F76: German | I76: Mathematics II | J76: LIU Zhao | K76: B410 | L76: Mathematics II | M76: LIU Zhao | N76: B410
B77: 14 May | C77: Introduction to Project Work | D77: Steve Yao | E77: A104 | F77: Introduction to Project Work | G77: Steve Yao | H77: A104 | I77: English | L77: German
B78: 15 May | F78: German | I78: Programming II (OOP with Python) | J78: Ahmad Ali | K78: B409 | L78: Programming II (OOP with Python) | M78: Ahmad Ali | N78: B409
B79: 16 May | I79: Introduction to Project Work | J79: Steve Yao | K79: A104 | L79: Introduction to Project Work | M79: Steve Yao | N79: A104
B80: 17 May
A81: 12 | B81: 18 May | C81: English | F81: German
B82: 19 May | C82: Physics | D82: SUN Lidong | E82: A104 | F82: Physics | G82: SUN Lidong | H82: A104 | I82: English | L82: German
B83: 20 May | C83: English | F83: German | I83: Mathematics II | J83: LIU Zhao | K83: B410 | L83: Mathematics II | M83: LIU Zhao | N83: B410
B84: 21 May | C84: Introduction to Project Work | D84: Steve Yao | E84: A104 | F84: Introduction to Project Work | G84: Steve Yao | H84: A104 | I84: English | L84: German
B85: 22 May | F85: German | I85: Programming II (OOP with Python) | J85: Ahmad Ali | K85: B409 | L85: Programming II (OOP with Python) | M85: Ahmad Ali | N85: B409
B86: 23 May
B87: 24 May
A88: 13 | B88: 25 May | C88: English | F88: German
B89: 26 May | C89: Physics | D89: SUN Lidong | E89: A104 | F89: Physics | G89: SUN Lidong | H89: A104 | I89: English | L89: German
B90: 27 May | C90: English | F90: German | I90: Mathematics II | J90: LIU Zhao | K90: B410 | L90: Mathematics II | M90: LIU Zhao | N90: B410
B91: 28 May | C91: Procurement, Production and Logistics | D91: Mehdi Foumani | E91: A103 | F91: Procurement, Production and Logistics | G91: Mehdi Foumani | H91: A103 | I91: English | L91: German
B92: 29 May | F92: German | I92: Programming II (OOP with Python) | J92: Ahmad Ali | K92: B409 | L92: Programming II (OOP with Python) | M92: Ahmad Ali | N92: B409
B93: 30 May
B94: 31 May
A95: 14 | B95: 1 Jun. | C95: English | F95: German
B96: 2 Jun. | C96: Physics | D96: SUN Lidong | E96: A104 | F96: Physics | G96: SUN Lidong | H96: A104 | I96: English | L96: German
B97: 3 Jun. | C97: English | F97: German | I97: Mathematics II | J97: LIU Zhao | K97: B410 | L97: Mathematics II | M97: LIU Zhao | N97: B410
B98: 4 Jun. | C98: Procurement, Production and Logistics | D98: Mehdi Foumani | E98: A103 | F98: Procurement, Production and Logistics | G98: Mehdi Foumani | H98: A103 | I98: English | L98: German
B99: 5 Jun. | F99: German | I99: Programming II (OOP with Python) | J99: Ahmad Ali | K99: B409 | L99: Programming II (OOP with Python) | M99: Ahmad Ali | N99: B409
B100: 6 Jun.
B101: 7 Jun.
...

Sheet 2025LE1
A2: week | B2: date | C2: 1st Session | F2: 2nd Session | I2: 3rd Session | L2: 4th Session | O2: 5th Session | R2: 6th Session
C3: 8:30-10:00 | F3: 10:15-11:45 | I3: 14:30-16:00 | L3: 16:15-17:45 | O3: 18:35-20:05 | R3: 20:15-21:45
A4: 1 | B4: 2 Mar. | F4: Introduction to Project Work | G4: ZHANG Yueyue | H4: A309 | I4: English | L4: German | X4: Required TH | Y4: Required Sessions | Z4: Scheduled Sessions
B5: 3 Mar. | C5: English | F5: German | I5: Introduction to Project Work | J5: ZHANG Yueyue | K5: A309 | L5: Introduction to Project Work | M5: ZHANG Yueyue | N5: A309 | V5: Mathematics II | W5: YANG Xinyuan | X5: 64 | Y5: ==X5/2 -> 32 | Z5: ==COUNTIFS($C$4:$T$150,V5) -> 30
B6: 4 Mar. | C6: Introduction to Project Work | D6: ZHANG Yueyue | E6: A309 | I6: English | L6: German | V6: Innovation and Project Management | W6: Christian Kahl | X6: 60 | Y6: ==X6/2 -> 30 | Z6: ==COUNTIFS($C$4:$T$150,V6) -> 30
B7: 5 Mar. | C7: English | F7: German | I7: Introduction to Project Work | J7: ZHANG Yueyue | K7: A309 | L7: Introduction to Project Work | M7: ZHANG Yueyue | N7: A309 | V7: Databases | W7: YANG Tianlun | X7: 60 | Y7: ==X7/2 -> 30 | Z7: ==COUNTIFS($C$4:$T$150,V7) -> 30
B8: 6 Mar. | C8: Mathematics II | D8: YANG Xinyuan | E8: B409 | F8: Mathematics II | G8: YANG Xinyuan | H8: B409 | L8: German | V8: Introduction to Scientific work | W8: Juergen | X8: 48 | Y8: ==X8/2 -> 24 | Z8: ==COUNTIFS($C$4:$T$150,V8) -> 24
B9: 7 Mar. | V9: Introduction to Scientific work | W9: Hans-Joerg | X9: - | Y9: - | Z9: -
B10: 8 Mar. | V10: Introduction to Project work | W10: ZHANG Yueyue | X10: 48 | Y10: ==X10/2 -> 24 | Z10: ==COUNTIFS($C$4:$T$150,V10) -> 24
A11: 2 | B11: 9 Mar. | F11: Introduction to Project Work | G11: ZHANG Yueyue | H11: A309 | I11: English | L11: German | V11: German | X11: 180 | Y11: ==X11/2 -> 90 | Z11: ==COUNTIFS($C$4:$T$150,V11) -> 90
B12: 10 Mar. | C12: English | F12: German | I12: Introduction to Project Work | J12: ZHANG Yueyue | K12: A309 | L12: Introduction to Project Work | M12: ZHANG Yueyue | N12: A309 | V12: English | X12: 60 | Y12: ==X12/2 -> 30 | Z12: ==COUNTIFS($C$4:$T$150,V12) -> 61
B13: 11 Mar. | C13: Introduction to Project Work | D13: ZHANG Yueyue | E13: A309 | I13: English | L13: German
B14: 12 Mar. | C14: English | F14: German | I14: Introduction to Project Work | J14: ZHANG Yueyue | K14: A309 | L14: Introduction to Project Work | M14: ZHANG Yueyue | N14: A309
B15: 13 Mar. | C15: Mathematics II | D15: YANG Xinyuan | E15: B409 | F15: Mathematics II | G15: YANG Xinyuan | H15: B409 | L15: German
B16: 14 Mar.
B17: 15 Mar.
A18: 3 | B18: 16 Mar. | F18: Introduction to Project Work | G18: ZHANG Yueyue | H18: A309 | I18: English | L18: German
B19: 17 Mar. | C19: English | F19: German | I19: Introduction to Project Work | J19: ZHANG Yueyue | K19: A309 | L19: Introduction to Project Work | M19: ZHANG Yueyue | N19: A309
B20: 18 Mar. | C20: Introduction to Project Work | D20: ZHANG Yueyue | E20: A309 | I20: English | L20: German
B21: 19 Mar. | C21: English | F21: German | I21: Introduction to Project Work | J21: ZHANG Yueyue | K21: A309 | L21: Introduction to Project Work | M21: ZHANG Yueyue | N21: A309
B22: 20 Mar. | C22: Mathematics II | D22: YANG Xinyuan | E22: B409 | F22: Mathematics II | G22: YANG Xinyuan | H22: B409 | L22: German
B23: 21 Mar.
B24: 22 Mar.
A25: 4 | B25: 23 Mar. | F25: Introduction to Project Work | G25: ZHANG Yueyue | H25: A309 | I25: English | L25: German
B26: 24 Mar. | C26: English | F26: German | I26: Introduction to Project Work | J26: ZHANG Yueyue | K26: A309 | L26: Introduction to Project Work | M26: ZHANG Yueyue | N26: A309
B27: 25 Mar. | C27: Introduction to Project Work | D27: ZHANG Yueyue | E27: A309 | I27: English | L27: German
B28: 26 Mar. | C28: English | F28: German | I28: Introduction to Project Work | J28: ZHANG Yueyue | K28: A309 | L28: Introduction to Project Work | M28: ZHANG Yueyue | N28: A309
B29: 27 Mar. | C29: Mathematics II | D29: YANG Xinyuan | E29: B409 | F29: Mathematics II | G29: YANG Xinyuan | H29: B409 | L29: German
B30: 28 Mar. | I30: Introduction to Scientific Work | J30: Juergen | K30: A309 | L30: Introduction to Scientific Work | M30: Juergen | N30: A309
B31: 29 Mar.
A32: 5 | B32: 30 Mar. | C32: Introduction to Scientific Work | D32: Juergen | E32: A309 | F32: Introduction to Scientific Work | G32: Juergen | H32: A309 | I32: English | L32: German
B33: 31 Mar. | C33: English | F33: German | I33: Introduction to Scientific Work | J33: Juergen | K33: A309 | L33: Introduction to Scientific Work | M33: Juergen | N33: A309
B34: 1 Apr. | I34: English | L34: German
B35: 2 Apr. | C35: English | F35: German
B36: 3 Apr. | C36: Mathematics II | D36: YANG Xinyuan | E36: B409 | F36: Mathematics II | G36: YANG Xinyuan | H36: B409 | L36: German
B37: 4 Apr. | C37: Holiday
B38: 5 Apr.
A39: 6 | B39: 6 Apr.
B40: 7 Apr. | C40: English | F40: German
B41: 8 Apr. | I41: English | L41: German
B42: 9 Apr. | C42: English | F42: German
B43: 10 Apr. | C43: Mathematics II | D43: YANG Xinyuan | E43: B409 | F43: Mathematics II | G43: YANG Xinyuan | H43: B409 | I43: Introduction to Scientific Work | J43: Hans-Joerg | K43: A309 | L43: German
B44: 11 Apr. | F44: Introduction to Scientific Work | G44: Hans-Joerg | H44: A309 | I44: Introduction to Scientific Work | J44: Hans-Joerg | K44: A309 | L44: Introduction to Scientific Work | M44: Hans-Joerg | N44: A309
B45: 12 Apr.
A46: 7 | B46: 13 Apr. | C46: Introduction to Scientific Work | D46: Hans-Joerg | E46: A309 | F46: Introduction to Scientific Work | G46: Hans-Joerg | H46: A309 | I46: English | L46: German
B47: 14 Apr. | C47: English | F47: German
B48: 15 Apr. | I48: English | L48: German
B49: 16 Apr. | C49: English | F49: German
B50: 17 Apr. | C50: Mathematics II | D50: YANG Xinyuan | E50: B409 | F50: Mathematics II | G50: YANG Xinyuan | H50: B409 | L50: German
B51: 18 Apr. | I51: Introduction to Scientific Work | J51: Juergen | K51: A309 | L51: Introduction to Scientific Work | M51: Juergen | N51: A309
B52: 19 Apr.
A53: 8 | B53: 20 Apr. | C53: Introduction to Scientific Work | D53: Juergen | E53: A309 | F53: Introduction to Scientific Work | G53: Juergen | H53: A309 | I53: English | L53: German
B54: 21 Apr. | C54: English | F54: German | I54: Introduction to Scientific Work | J54: Juergen | K54: A309 | L54: Introduction to Scientific Work | M54: Juergen | N54: A309
B55: 22 Apr. | I55: English | L55: German
B56: 23 Apr. | C56: English | F56: German
B57: 24 Apr. | C57: Mathematics II | D57: YANG Xinyuan | E57: B409 | F57: Mathematics II | G57: YANG Xinyuan | H57: B409 | L57: German
B58: 25 Apr. | I58: Introduction to Scientific Work | J58: Juergen | K58: A309 | L58: Introduction to Scientific Work | M58: Juergen | N58: A309
B59: 26 Apr.
A60: 9 | B60: 27 Apr. | C60: Introduction to Scientific Work | D60: Juergen | E60: A309 | F60: Introduction to Scientific Work | G60: Juergen | H60: A309 | I60: English | L60: German
B61: 28 Apr. | C61: English | F61: German | I61: Introduction to Scientific Work | J61: Juergen | K61: A309 | L61: Introduction to Scientific Work | M61: Juergen | N61: A309
B62: 29 Apr. | I62: English | L62: German
B63: 30 Apr. | C63: English | F63: German
B64: 1 May | C64: Holiday
B65: 2 May
B66: 3 May
A67: 10 | B67: 4 May
B68: 5 May
B69: 6 May | I69: English | L69: German
B70: 7 May | C70: English | F70: German
B71: 8 May | C71: Mathematics II | D71: YANG Xinyuan | E71: B409 | F71: Mathematics II | G71: YANG Xinyuan | H71: B409 | L71: German
B72: 9 May
B73: 10 May
A74: 11 | B74: 11 May | C74: Databases | D74: YANG Tianlun | E74: A309 | F74: Databases | G74: YANG Tianlun | H74: A309 | I74: English | L74: German
B75: 12 May | C75: English | F75: German | I75: Databases | J75: YANG Tianlun | K75: A309
B76: 13 May | C76: Databases | D76: YANG Tianlun | E76: A309 | F76: Databases | G76: YANG Tianlun | H76: A309 | I76: English | L76: German
B77: 14 May | C77: English | F77: German | I77: Databases | J77: YANG Tianlun | K77: A309 | L77: Databases | M77: YANG Tianlun | N77: A309
B78: 15 May | C78: Mathematics II | D78: YANG Xinyuan | E78: B409 | F78: Mathematics II | G78: YANG Xinyuan | H78: B409 | L78: German
B79: 16 May | I79: Databases | J79: YANG Tianlun | K79: A309
B80: 17 May
A81: 12 | B81: 18 May | C81: Databases | D81: YANG Tianlun | E81: A309 | F81: Databases | G81: YANG Tianlun | H81: A309 | I81: English | L81: German
B82: 19 May | C82: English | F82: German | I82: Databases | J82: YANG Tianlun | K82: A309
B83: 20 May | C83: Databases | D83: YANG Tianlun | E83: A309 | F83: Databases | G83: YANG Tianlun | H83: A309 | I83: English | L83: German
B84: 21 May | C84: English | F84: German | I84: Databases | J84: YANG Tianlun | K84: A309 | L84: Databases | M84: YANG Tianlun | N84: A309
B85: 22 May | C85: Mathematics II | D85: YANG Xinyuan | E85: B409 | F85: Mathematics II | G85: YANG Xinyuan | H85: B409 | L85: German
B86: 23 May | I86: Databases | J86: YANG Tianlun | K86: A309
B87: 24 May
A88: 13 | B88: 25 May | C88: Databases | D88: YANG Tianlun | E88: A309 | F88: Databases | G88: YANG Tianlun | H88: A309 | I88: English | L88: German
B89: 26 May | C89: English | F89: German | I89: Databases | J89: YANG Tianlun | K89: A309
B90: 27 May | C90: Databases | D90: YANG Tianlun | E90: A309 | F90: Databases | G90: YANG Tianlun | H90: A309 | I90: English | L90: German
B91: 28 May | C91: English | F91: German | I91: Databases | J91: YANG Tianlun | K91: A309 | L91: Databases | M91: YANG Tianlun | N91: A309
B92: 29 May | C92: Mathematics II | D92: YANG Xinyuan | E92: B409 | F92: Mathematics II | G92: YANG Xinyuan | H92: B409 | L92: German
B93: 30 May
B94: 31 May
A95: 14 | B95: 1 Jun. | C95: Databases | D95: YANG Tianlun | E95: A309 | F95: Databases | G95: YANG Tianlun | H95: A309 | I95: English | L95: German
B96: 2 Jun. | C96: English | F96: German | I96: Databases | J96: YANG Tianlun | K96: A309
B97: 3 Jun. | C97: Databases | D97: YANG Tianlun | E97: A309 | F97: Databases | G97: YANG Tianlun | H97: A309 | I97: English | L97: German
B98: 4 Jun. | C98: English | F98: German | I98: Databases | J98: YANG Tianlun | K98: A309 | L98: Databases | M98: YANG Tianlun | N98: A309
B99: 5 Jun. | C99: Mathematics II | D99: YANG Xinyuan | E99: B409 | F99: Mathematics II | G99: YANG Xinyuan | H99: B409 | L99: German
B100: 6 Jun.
B101: 7 Jun.
...

Sheet 2025LE2
A2: week | B2: date | C2: 1st Session | F2: 2nd Session | I2: 3rd Session | L2: 4th Session | O2: 5th Session | R2: 6th Session
C3: 8:30-10:00 | F3: 10:15-11:45 | I3: 14:30-16:00 | L3: 16:15-17:45 | O3: 18:35-20:05 | R3: 20:15-21:45
A4: 1 | B4: 2 Mar. | F4: Introduction to Project Work | G4: ZHANG Yueyue | H4: A309 | I4: English | L4: German | X4: Required TH | Y4: Required Sessions | Z4: Scheduled Sessions
B5: 3 Mar. | C5: English | F5: German | I5: Introduction to Project Work | J5: ZHANG Yueyue | K5: A309 | L5: Introduction to Project Work | M5: ZHANG Yueyue | N5: A309 | V5: Mathematics II | W5: YANG Xinyuan | X5: 64 | Y5: ==X5/2 -> 32 | Z5: ==COUNTIFS($C$4:$T$150,V5) -> 32
B6: 4 Mar. | F6: Introduction to Project Work | G6: ZHANG Yueyue | H6: A309 | I6: English | L6: German | V6: Innovation and Project Management | W6: Christian Kahl | X6: 60 | Y6: ==X6/2 -> 30 | Z6: ==COUNTIFS($C$4:$T$150,V6) -> 30
B7: 5 Mar. | C7: English | F7: German | I7: Mathematics II | J7: YANG Xinyuan | K7: B409 | L7: Mathematics II | M7: YANG Xinyuan | N7: B409 | V7: Databases | W7: YANG Tianlun | X7: 60 | Y7: ==X7/2 -> 30 | Z7: ==COUNTIFS($C$4:$T$150,V7) -> 30
B8: 6 Mar. | C8: Introduction to Project Work | D8: ZHANG Yueyue | E8: A309 | F8: Introduction to Project Work | G8: ZHANG Yueyue | H8: A309 | L8: German | V8: Introduction to Scientific work | W8: Juergen | X8: 48 | Y8: ==X8/2 -> 24 | Z8: ==COUNTIFS($C$4:$T$150,V8) -> 24
B9: 7 Mar. | V9: Introduction to Scientific work | W9: Hans-Joerg | X9: - | Y9: - | Z9: -
B10: 8 Mar. | V10: Introduction to Project work | W10: ZHANG Yueyue | X10: 48 | Y10: ==X10/2 -> 24 | Z10: ==COUNTIFS($C$4:$T$150,V10) -> 24
A11: 2 | B11: 9 Mar. | F11: Introduction to Project Work | G11: ZHANG Yueyue | H11: A309 | I11: English | L11: German | V11: German | X11: 180 | Y11: ==X11/2 -> 90 | Z11: ==COUNTIFS($C$4:$T$150,V11) -> 90
B12: 10 Mar. | C12: English | F12: German | I12: Introduction to Project Work | J12: ZHANG Yueyue | K12: A309 | L12: Introduction to Project Work | M12: ZHANG Yueyue | N12: A309 | V12: English | X12: 60 | Y12: ==X12/2 -> 30 | Z12: ==COUNTIFS($C$4:$T$150,V12) -> 61
B13: 11 Mar. | F13: Introduction to Project Work | G13: ZHANG Yueyue | H13: A309 | I13: English | L13: German
B14: 12 Mar. | C14: English | F14: German | I14: Mathematics II | J14: YANG Xinyuan | K14: B409 | L14: Mathematics II | M14: YANG Xinyuan | N14: B409
B15: 13 Mar. | C15: Introduction to Project Work | D15: ZHANG Yueyue | E15: A309 | F15: Introduction to Project Work | G15: ZHANG Yueyue | H15: A309 | L15: German
B16: 14 Mar.
B17: 15 Mar.
A18: 3 | B18: 16 Mar. | F18: Introduction to Project Work | G18: ZHANG Yueyue | H18: A309 | I18: English | L18: German
B19: 17 Mar. | C19: English | F19: German | I19: Introduction to Project Work | J19: ZHANG Yueyue | K19: A309 | L19: Introduction to Project Work | M19: ZHANG Yueyue | N19: A309
B20: 18 Mar. | F20: Introduction to Project Work | G20: ZHANG Yueyue | H20: A309 | I20: English | L20: German
B21: 19 Mar. | C21: English | F21: German | I21: Mathematics II | J21: YANG Xinyuan | K21: B409 | L21: Mathematics II | M21: YANG Xinyuan | N21: B409
B22: 20 Mar. | C22: Introduction to Project Work | D22: ZHANG Yueyue | E22: A309 | F22: Introduction to Project Work | G22: ZHANG Yueyue | H22: A309 | L22: German
B23: 21 Mar.
B24: 22 Mar.
A25: 4 | B25: 23 Mar. | F25: Introduction to Project Work | G25: ZHANG Yueyue | H25: A309 | I25: English | L25: German
B26: 24 Mar. | C26: English | F26: German | I26: Introduction to Project Work | J26: ZHANG Yueyue | K26: A309 | L26: Introduction to Project Work | M26: ZHANG Yueyue | N26: A309
B27: 25 Mar. | F27: Introduction to Project Work | G27: ZHANG Yueyue | H27: A309 | I27: English | L27: German
B28: 26 Mar. | C28: English | F28: German | I28: Mathematics II | J28: YANG Xinyuan | K28: B409 | L28: Mathematics II | M28: YANG Xinyuan | N28: B409
B29: 27 Mar. | C29: Introduction to Project Work | D29: ZHANG Yueyue | E29: A309 | F29: Introduction to Project Work | G29: ZHANG Yueyue | H29: A309 | L29: German
B30: 28 Mar. | I30: Introduction to Scientific Work | J30: Juergen | K30: A309 | L30: Introduction to Scientific Work | M30: Juergen | N30: A309
B31: 29 Mar.
A32: 5 | B32: 30 Mar. | C32: Introduction to Scientific Work | D32: Juergen | E32: A309 | F32: Introduction to Scientific Work | G32: Juergen | H32: A309 | I32: English | L32: German
B33: 31 Mar. | C33: English | F33: German | I33: Introduction to Scientific Work | J33: Juergen | K33: A309 | L33: Introduction to Scientific Work | M33: Juergen | N33: A309
B34: 1 Apr. | I34: English | L34: German
B35: 2 Apr. | C35: English | F35: German | I35: Mathematics II | J35: YANG Xinyuan | K35: B409 | L35: Mathematics II | M35: YANG Xinyuan | N35: B409
B36: 3 Apr. | L36: German
B37: 4 Apr. | C37: Holiday
B38: 5 Apr.
A39: 6 | B39: 6 Apr.
B40: 7 Apr. | C40: English | F40: German
B41: 8 Apr. | I41: English | L41: German
B42: 9 Apr. | C42: English | F42: German | I42: Mathematics II | J42: YANG Xinyuan | K42: B409 | L42: Mathematics II | M42: YANG Xinyuan | N42: B409
B43: 10 Apr. | I43: Introduction to Scientific Work | J43: Hans-Joerg | K43: A309 | L43: German
B44: 11 Apr. | F44: Introduction to Scientific Work | G44: Hans-Joerg | H44: A309 | I44: Introduction to Scientific Work | J44: Hans-Joerg | K44: A309 | L44: Introduction to Scientific Work | M44: Hans-Joerg | N44: A309
B45: 12 Apr.
A46: 7 | B46: 13 Apr. | C46: Introduction to Scientific Work | D46: Hans-Joerg | E46: A309 | F46: Introduction to Scientific Work | G46: Hans-Joerg | H46: A309 | I46: English | L46: German
B47: 14 Apr. | C47: English | F47: German
B48: 15 Apr. | I48: English | L48: German
B49: 16 Apr. | C49: English | F49: German | I49: Mathematics II | J49: YANG Xinyuan | K49: B409 | L49: Mathematics II | M49: YANG Xinyuan | N49: B409
B50: 17 Apr. | C50: Introduction to Scientific Work | D50: Hans-Joerg | E50: A310 | F50: Introduction to Scientific Work | G50: Hans-Joerg | H50: A310 | L50: German
B51: 18 Apr. | I51: Introduction to Scientific Work | J51: Hans-Joerg | K51: A310 | L51: Introduction to Scientific Work | M51: Hans-Joerg | N51: A310
B52: 19 Apr.
A53: 8 | B53: 20 Apr. | C53: Introduction to Scientific Work | D53: Hans-Joerg | E53: A310 | F53: Introduction to Scientific Work | G53: Hans-Joerg | H53: A310 | I53: English | L53: German
B54: 21 Apr. | C54: English | F54: German
B55: 22 Apr. | I55: English | L55: German
B56: 23 Apr. | C56: English | F56: German | I56: Mathematics II | J56: YANG Xinyuan | K56: B409 | L56: Mathematics II | M56: YANG Xinyuan | N56: B409
B57: 24 Apr. | C57: Introduction to Scientific Work | D57: Hans-Joerg | E57: A310 | F57: Introduction to Scientific Work | G57: Hans-Joerg | H57: A310 | L57: German
B58: 25 Apr. | I58: Introduction to Scientific Work | J58: Hans-Joerg | K58: A310 | L58: Introduction to Scientific Work | M58: Hans-Joerg | N58: A310
B59: 26 Apr.
A60: 9 | B60: 27 Apr. | C60: Introduction to Scientific Work | D60: Hans-Joerg | E60: A310 | F60: Introduction to Scientific Work | G60: Hans-Joerg | H60: A310 | I60: English | L60: German
B61: 28 Apr. | C61: English | F61: German
B62: 29 Apr. | I62: English | L62: German
B63: 30 Apr. | C63: English | F63: German
B64: 1 May | C64: Holiday
B65: 2 May
B66: 3 May
A67: 10 | B67: 4 May
B68: 5 May
B69: 6 May | I69: English | L69: German
B70: 7 May | C70: English | F70: German | I70: Mathematics II | J70: YANG Xinyuan | K70: B409 | L70: Mathematics II | M70: YANG Xinyuan | N70: B409
B71: 8 May | L71: German
B72: 9 May
B73: 10 May
A74: 11 | B74: 11 May | C74: Databases | D74: YANG Tianlun | E74: A309 | F74: Databases | G74: YANG Tianlun | H74: A309 | I74: English | L74: German
B75: 12 May | C75: English | F75: German | L75: Databases | M75: YANG Tianlun | N75: A309
B76: 13 May | C76: Databases | D76: YANG Tianlun | E76: A309 | F76: Databases | G76: YANG Tianlun | H76: A309 | I76: English | L76: German
B77: 14 May | C77: English | F77: German | I77: Mathematics II | J77: YANG Xinyuan | K77: B409 | L77: Mathematics II | M77: YANG Xinyuan | N77: B409
B78: 15 May | C78: Databases | D78: YANG Tianlun | E78: A309 | F78: Databases | G78: YANG Tianlun | H78: A309 | L78: German
B79: 16 May | L79: Databases | M79: YANG Tianlun | N79: A309
B80: 17 May
A81: 12 | B81: 18 May | C81: Databases | D81: YANG Tianlun | E81: A309 | F81: Databases | G81: YANG Tianlun | H81: A309 | I81: English | L81: German
B82: 19 May | C82: English | F82: German | L82: Databases | M82: YANG Tianlun | N82: A309
B83: 20 May | C83: Databases | D83: YANG Tianlun | E83: A309 | F83: Databases | G83: YANG Tianlun | H83: A309 | I83: English | L83: German
B84: 21 May | C84: English | F84: German | I84: Mathematics II | J84: YANG Xinyuan | K84: B409 | L84: Mathematics II | M84: YANG Xinyuan | N84: B409
B85: 22 May | C85: Databases | D85: YANG Tianlun | E85: A309 | F85: Databases | G85: YANG Tianlun | H85: A309 | L85: German
B86: 23 May | L86: Databases | M86: YANG Tianlun | N86: A309
B87: 24 May
A88: 13 | B88: 25 May | C88: Databases | D88: YANG Tianlun | E88: A309 | F88: Databases | G88: YANG Tianlun | H88: A309 | I88: English | L88: German
B89: 26 May | C89: English | F89: German | L89: Databases | M89: YANG Tianlun | N89: A309
B90: 27 May | C90: Databases | D90: YANG Tianlun | E90: A309 | F90: Databases | G90: YANG Tianlun | H90: A309 | I90: English | L90: German
B91: 28 May | C91: English | F91: German | I91: Mathematics II | J91: YANG Xinyuan | K91: B409 | L91: Mathematics II | M91: YANG Xinyuan | N91: B409
B92: 29 May | C92: Databases | D92: YANG Tianlun | E92: A309 | F92: Databases | G92: YANG Tianlun | H92: A309 | L92: German
B93: 30 May
B94: 31 May
A95: 14 | B95: 1 Jun. | C95: Databases | D95: YANG Tianlun | E95: A309 | F95: Databases | G95: YANG Tianlun | H95: A309 | I95: English | L95: German
B96: 2 Jun. | C96: English | F96: German | L96: Databases | M96: YANG Tianlun | N96: A309
B97: 3 Jun. | C97: Databases | D97: YANG Tianlun | E97: A309 | F97: Databases | G97: YANG Tianlun | H97: A309 | I97: English | L97: German
B98: 4 Jun. | C98: English | F98: German | I98: Mathematics II | J98: YANG Xinyuan | K98: B409 | L98: Mathematics II | M98: YANG Xinyuan | N98: B409
B99: 5 Jun. | C99: Databases | D99: YANG Tianlun | E99: A309 | F99: Databases | G99: YANG Tianlun | H99: A309 | L99: German
B100: 6 Jun.
B101: 7 Jun.
...

Sheet 2024CS1
A2: week | B2: date | C2: 1st Session | F2: 2nd Session | I2: 3rd Session | L2: 4th Session | O2: 5th Session | R2: 6th Session
C3: 8:30-10:00 | F3: 10:15-11:45 | I3: 14:30-16:00 | L3: 16:15-17:45 | O3: 18:35-20:05 | R3: 20:15-21:45
A4: 1 | B4: 2 Mar. | C4: German | F4: Operating Systems (Linux) | G4: LIU Huiru | H4: B106 | I4: Operating Systems (Linux) | J4: LIU Huiru | K4: B106 | L4: Operating Systems (Linux) | M4: LIU Huiru | N4: B106 | X4: Required TH | Y4: Required Sessions | Z4: Scheduled Sessions
B5: 3 Mar. | C5: German | F5: Operating Systems (Linux) | G5: LIU Huiru | H5: A101 | V5: Introduction to Robotics (Robot Operating System) | W5: WAN Shaohua | X5: 60 | Y5: ==X5/2 -> 30 | Z5: ==COUNTIFS($C$4:$T$150,V5) -> 30
B6: 4 Mar. | C6: German | F6: Operating Systems (Linux) | G6: LIU Huiru | H6: A101 | V6: Operating Systems (Linux) | W6: LIU Huiru | X6: 60 | Y6: ==X6/2 -> 30 | Z6: ==COUNTIFS($C$4:$T$150,V6) -> 30
B7: 5 Mar. | C7: German | F7: Operating Systems (Linux) | G7: LIU Huiru | H7: A101 | V7: Fundamentals of AI | W7: LI Yuanzhe | X7: 60 | Y7: ==X7/2 -> 30 | Z7: ==COUNTIFS($C$4:$T$150,V7) -> 30
B8: 6 Mar. | C8: German | F8: Operating Systems (Linux) | G8: LIU Huiru | H8: A101 | V8: Programming II (OOP with Python) | W8: MIAO Hao | X8: 60 | Y8: ==X8/2 -> 30 | Z8: ==COUNTIFS($C$4:$T$150,V8) -> 30
B9: 7 Mar. | O9: Operating Systems (Linux) | P9: LIU Huiru | Q9: A101 | V9: German | X9: 180 | Y9: ==X9/2 -> 90 | Z9: ==COUNTIFS($C$4:$T$150,V9) -> 90
B10: 8 Mar.
A11: 2 | B11: 9 Mar. | C11: German | F11: Operating Systems (Linux) | G11: LIU Huiru | H11: A101
B12: 10 Mar. | C12: German | F12: Operating Systems (Linux) | G12: LIU Huiru | H12: A101
B13: 11 Mar. | C13: German | F13: Operating Systems (Linux) | G13: LIU Huiru | H13: A101
B14: 12 Mar. | C14: German | F14: Operating Systems (Linux) | G14: LIU Huiru | H14: A101
B15: 13 Mar. | C15: German | F15: Operating Systems (Linux) | G15: LIU Huiru | H15: A101
B16: 14 Mar. | O16: Operating Systems (Linux) | P16: LIU Huiru | Q16: A101
B17: 15 Mar.
A18: 3 | B18: 16 Mar. | C18: German | F18: Operating Systems (Linux) | G18: LIU Huiru | H18: B106 | I18: Operating Systems (Linux) | J18: LIU Huiru | K18: B106 | L18: Operating Systems (Linux) | M18: LIU Huiru | N18: B106
B19: 17 Mar. | C19: German | F19: Operating Systems (Linux) | G19: LIU Huiru | H19: A101
B20: 18 Mar. | C20: German | F20: Operating Systems (Linux) | G20: LIU Huiru | H20: A101
B21: 19 Mar. | C21: German | F21: Operating Systems (Linux) | G21: LIU Huiru | H21: A101
B22: 20 Mar. | C22: German | F22: Operating Systems (Linux) | G22: LIU Huiru | H22: A101
B23: 21 Mar. | O23: Operating Systems (Linux) | P23: LIU Huiru | Q23: A101
B24: 22 Mar.
A25: 4 | B25: 23 Mar. | C25: German
B26: 24 Mar. | C26: German | F26: Programming II (OOP with Python) | G26: MIAO Hao | H26: B106 | I26: Programming II (OOP with Python) | J26: MIAO Hao /MIAO Hao | K26: B106 | L26: Programming II (OOP with Python) | M26: MIAO Hao | N26: B106
B27: 25 Mar. | C27: German | F27: Programming II (OOP with Python) | G27: MIAO Hao | H27: B106 | I27: Programming II (OOP with Python) | J27: MIAO Hao /MIAO Hao | K27: B106 | L27: Programming II (OOP with Python) | M27: MIAO Hao | N27: B106
B28: 26 Mar. | C28: German | F28: Programming II (OOP with Python) | G28: MIAO Hao | H28: B106 | I28: Programming II (OOP with Python) | J28: MIAO Hao /MIAO Hao | K28: B106 | L28: Programming II (OOP with Python) | M28: MIAO Hao | N28: B106
B29: 27 Mar. | C29: German | F29: Programming II (OOP with Python) | G29: MIAO Hao | H29: B106 | I29: Programming II (OOP with Python) | J29: MIAO Hao /MIAO Hao | K29: B106 | L29: Programming II (OOP with Python) | M29: MIAO Hao | N29: B106
B30: 28 Mar.
B31: 29 Mar.
A32: 5 | B32: 30 Mar. | C32: German | F32: Programming II (OOP with Python) | G32: MIAO Hao | H32: B106 | I32: Programming II (OOP with Python) | J32: MIAO Hao /MIAO Hao | K32: B106 | L32: Programming II (OOP with Python) | M32: MIAO Hao | N32: B106
B33: 31 Mar. | C33: German | F33: Programming II (OOP with Python) | G33: MIAO Hao | H33: B106 | I33: Programming II (OOP with Python) | J33: MIAO Hao /MIAO Hao | K33: B106 | L33: Programming II (OOP with Python) | M33: MIAO Hao | N33: B106
B34: 1 Apr. | C34: German | F34: Programming II (OOP with Python) | G34: MIAO Hao | H34: B106 | I34: Programming II (OOP with Python) | J34: MIAO Hao /MIAO Hao | K34: B106 | L34: Programming II (OOP with Python) | M34: MIAO Hao | N34: B106
B35: 2 Apr. | C35: German | F35: Programming II (OOP with Python) | G35: MIAO Hao | H35: B106 | I35: Programming II (OOP with Python) | J35: MIAO Hao /MIAO Hao | K35: B106 | L35: Programming II (OOP with Python) | M35: MIAO Hao | N35: B106
B36: 3 Apr. | C36: German | F36: Programming II (OOP with Python) | G36: MIAO Hao | H36: B106 | I36: Programming II (OOP with Python) | J36: MIAO Hao /MIAO Hao | K36: B106 | L36: Programming II (OOP with Python) | M36: MIAO Hao | N36: B106
B37: 4 Apr. | C37: Holiday
B38: 5 Apr.
A39: 6 | B39: 6 Apr.
B40: 7 Apr. | C40: German | F40: Programming II (OOP with Python) | G40: MIAO Hao | H40: B106 | I40: Programming II (OOP with Python) | J40: MIAO Hao /MIAO Hao | K40: B106 | L40: Programming II (OOP with Python) | M40: MIAO Hao | N40: B106
B41: 8 Apr. | C41: German | F41: Introduction to Robotics (Robot Operating System) | G41: WAN Shaohua | H41: B106 | I41: Introduction to Robotics (Robot Operating System) | J41: WAN Shaohua /WAN Shaohua | K41: B106 | L41: Introduction to Robotics (Robot Operating System) | M41: WAN Shaohua | N41: B106
B42: 9 Apr. | C42: German | F42: Introduction to Robotics (Robot Operating System) | G42: WAN Shaohua | H42: B106 | I42: Introduction to Robotics (Robot Operating System) | J42: WAN Shaohua /WAN Shaohua | K42: B106 | L42: Introduction to Robotics (Robot Operating System) | M42: WAN Shaohua | N42: B106
B43: 10 Apr. | C43: German | F43: Introduction to Robotics (Robot Operating System) | G43: WAN Shaohua | H43: B106 | I43: Introduction to Robotics (Robot Operating System) | J43: WAN Shaohua /WAN Shaohua | K43: B106 | L43: Introduction to Robotics (Robot Operating System) | M43: WAN Shaohua | N43: B106
B44: 11 Apr. | F44: Introduction to Robotics (Robot Operating System) | G44: WAN Shaohua | H44: B106 | I44: Introduction to Robotics (Robot Operating System) | J44: WAN Shaohua /WAN Shaohua | K44: B106 | L44: Introduction to Robotics (Robot Operating System) | M44: WAN Shaohua | N44: B106
B45: 12 Apr.
A46: 7 | B46: 13 Apr. | C46: German | F46: Introduction to Robotics (Robot Operating System) | G46: WAN Shaohua | H46: B106 | I46: Introduction to Robotics (Robot Operating System) | J46: WAN Shaohua /WAN Shaohua | K46: B106 | L46: Introduction to Robotics (Robot Operating System) | M46: WAN Shaohua | N46: B106
B47: 14 Apr. | C47: German | F47: Introduction to Robotics (Robot Operating System) | G47: WAN Shaohua | H47: B106 | I47: Introduction to Robotics (Robot Operating System) | J47: WAN Shaohua /WAN Shaohua | K47: B106 | L47: Introduction to Robotics (Robot Operating System) | M47: WAN Shaohua | N47: B106
B48: 15 Apr. | C48: German | F48: Introduction to Robotics (Robot Operating System) | G48: WAN Shaohua | H48: B106 | I48: Introduction to Robotics (Robot Operating System) | J48: WAN Shaohua /WAN Shaohua | K48: B106 | L48: Introduction to Robotics (Robot Operating System) | M48: WAN Shaohua | N48: B106
B49: 16 Apr. | C49: German | F49: Introduction to Robotics (Robot Operating System) | G49: WAN Shaohua | H49: B106 | I49: Introduction to Robotics (Robot Operating System) | J49: WAN Shaohua /WAN Shaohua | K49: B106 | L49: Introduction to Robotics (Robot Operating System) | M49: WAN Shaohua | N49: B106
B50: 17 Apr. | C50: German | F50: Introduction to Robotics (Robot Operating System) | G50: WAN Shaohua | H50: B106 | I50: Introduction to Robotics (Robot Operating System) | J50: WAN Shaohua /WAN Shaohua | K50: B106 | L50: Introduction to Robotics (Robot Operating System) | M50: WAN Shaohua | N50: B106
B51: 18 Apr.
B52: 19 Apr.
A53: 8 | B53: 20 Apr. | C53: German | F53: Introduction to Robotics (Robot Operating System) | G53: WAN Shaohua | H53: B106 | I53: Introduction to Robotics (Robot Operating System) | J53: WAN Shaohua /WAN Shaohua | K53: B106 | L53: Introduction to Robotics (Robot Operating System) | M53: WAN Shaohua | N53: B106
B54: 21 Apr. | C54: German
B55: 22 Apr. | C55: German | F55: Fundamentals of AI | G55: LI Yuanzhe | H55: B106 | I55: Fundamentals of AI | J55: LI Yuanzhe | K55: A101
B56: 23 Apr. | C56: German | F56: Fundamentals of AI | G56: LI Yuanzhe | H56: B106 | I56: Fundamentals of AI | J56: LI Yuanzhe | K56: A101 | L56: Operating Systems (Linux) | M56: LIU Huiru | N56: A411
B57: 24 Apr. | C57: German | F57: Fundamentals of AI | G57: LI Yuanzhe | H57: B106 | I57: Fundamentals of AI | J57: LI Yuanzhe | K57: A101
B58: 25 Apr. | L58: Operating Systems (Linux) | M58: LIU Huiru | N58: A411
B59: 26 Apr.
A60: 9 | B60: 27 Apr. | C60: German | F60: Fundamentals of AI | G60: LI Yuanzhe | H60: B106 | I60: Fundamentals of AI | J60: LI Yuanzhe | K60: A101
B61: 28 Apr. | C61: German | F61: Fundamentals of AI | G61: LI Yuanzhe | H61: B106 | I61: Fundamentals of AI | J61: LI Yuanzhe | K61: A101 | L61: Operating Systems (Linux) | M61: LIU Huiru | N61: A411
B62: 29 Apr. | C62: German | F62: Fundamentals of AI | G62: LI Yuanzhe | H62: B106 | I62: Fundamentals of AI | J62: LI Yuanzhe | K62: A101
B63: 30 Apr. | C63: German | F63: Fundamentals of AI | G63: LI Yuanzhe | H63: B106 | I63: Fundamentals of AI | J63: LI Yuanzhe | K63: A101 | L63: Operating Systems (Linux) | M63: LIU Huiru | N63: A411
B64: 1 May | C64: Holiday
B65: 2 May
B66: 3 May
A67: 10 | B67: 4 May
B68: 5 May
B69: 6 May | C69: German | F69: Fundamentals of AI | G69: LI Yuanzhe | H69: B106 | I69: Fundamentals of AI | J69: LI Yuanzhe | K69: A101
B70: 7 May | C70: German | F70: Fundamentals of AI | G70: LI Yuanzhe | H70: B106 | I70: Fundamentals of AI | J70: LI Yuanzhe | K70: A101 | L70: Operating Systems (Linux) | M70: LIU Huiru | N70: A411
B71: 8 May | C71: German | F71: Fundamentals of AI | G71: LI Yuanzhe | H71: B106 | I71: Fundamentals of AI | J71: LI Yuanzhe | K71: A101
B72: 9 May | F72: Fundamentals of AI | G72: LI Yuanzhe | H72: B106 | I72: Fundamentals of AI | J72: LI Yuanzhe | K72: A101
B73: 10 May
A74: 11 | B74: 11 May | C74: German | F74: Fundamentals of AI | G74: LI Yuanzhe | H74: B106 | I74: Fundamentals of AI | J74: LI Yuanzhe | K74: A101
B75: 12 May | C75: German | F75: Fundamentals of AI | G75: LI Yuanzhe | H75: B106 | I75: Fundamentals of AI | J75: LI Yuanzhe | K75: A101 | L75: Operating Systems (Linux) | M75: LIU Huiru | N75: A411
B76: 13 May | C76: German | F76: Fundamentals of AI | G76: LI Yuanzhe | H76: B106 | I76: Fundamentals of AI | J76: LI Yuanzhe | K76: A101
B77: 14 May | C77: German | F77: Fundamentals of AI | G77: LI Yuanzhe | H77: B106 | I77: Fundamentals of AI | J77: LI Yuanzhe | K77: A101 | L77: Operating Systems (Linux) | M77: LIU Huiru | N77: A411
B78: 15 May | C78: German | F78: Operating Systems (Linux) | G78: LIU Huiru | H78: A411
B79: 16 May
B80: 17 May
A81: 12 | B81: 18 May | C81: Exam Weeks
B82: 19 May
B83: 20 May
B84: 21 May
B85: 22 May
B86: 23 May
B87: 24 May
A88: 13 | B88: 25 May
B89: 26 May
B90: 27 May
B91: 28 May
B92: 29 May
B93: 30 May
B94: 31 May
A95: 14 | B95: 1 Jun. | O95: German | Q95: online
B96: 2 Jun. | O96: German | Q96: online
B97: 3 Jun. | O97: German | Q97: online
B98: 4 Jun. | O98: German | Q98: online
B99: 5 Jun. | O99: German | Q99: online
B100: 6 Jun.
B101: 7 Jun.
...

Sheet 2024CS2
A2: week | B2: date | C2: 1st Session | F2: 2nd Session | I2: 3rd Session | L2: 4th Session | O2: 5th Session | R2: 6th Session
C3: 8:30-10:00 | F3: 10:15-11:45 | I3: 14:30-16:00 | L3: 16:15-17:45 | O3: 18:35-20:05 | R3: 20:15-21:45
A4: 1 | B4: 2 Mar. | C4: German | F4: Operating Systems (Linux) | G4: LIU Huiru | H4: B106 | I4: Operating Systems (Linux) | J4: LIU Huiru | K4: B106 | L4: Operating Systems (Linux) | M4: LIU Huiru | N4: B106 | X4: Required TH | Y4: Required Sessions | Z4: Scheduled Sessions
B5: 3 Mar. | C5: German | I5: Operating Systems (Linux) | J5: LIU Huiru | K5: A101 | V5: Introduction to Robotics (Robot Operating System) | W5: WAN Shaohua | X5: 60 | Y5: ==X5/2 -> 30 | Z5: ==COUNTIFS($C$4:$T$150,V5) -> 30
B6: 4 Mar. | C6: German | I6: Operating Systems (Linux) | J6: LIU Huiru | K6: A101 | V6: Operating Systems (Linux) | W6: LIU Huiru | X6: 60 | Y6: ==X6/2 -> 30 | Z6: ==COUNTIFS($C$4:$T$150,V6) -> 30
B7: 5 Mar. | C7: German | I7: Operating Systems (Linux) | J7: LIU Huiru | K7: A101 | V7: Fundamentals of AI | W7: LI Yuanzhe | X7: 60 | Y7: ==X7/2 -> 30 | Z7: ==COUNTIFS($C$4:$T$150,V7) -> 30
B8: 6 Mar. | C8: German | I8: Operating Systems (Linux) | J8: LIU Huiru | K8: A101 | V8: Programming 2 (OOP with Python) | W8: MIAO Hao | X8: 60 | Y8: ==X8/2 -> 30 | Z8: ==COUNTIFS($C$4:$T$150,V8) -> 30
B9: 7 Mar. | I9: Operating Systems (Linux) | J9: LIU Huiru | K9: A101 | V9: German | X9: 180 | Y9: ==X9/2 -> 90 | Z9: ==COUNTIFS($C$4:$T$150,V9) -> 90
B10: 8 Mar.
A11: 2 | B11: 9 Mar. | C11: German | I11: Operating Systems (Linux) | J11: LIU Huiru | K11: A101
B12: 10 Mar. | C12: German | I12: Operating Systems (Linux) | J12: LIU Huiru | K12: A101
B13: 11 Mar. | C13: German | I13: Operating Systems (Linux) | J13: LIU Huiru | K13: A101
B14: 12 Mar. | C14: German | I14: Operating Systems (Linux) | J14: LIU Huiru | K14: A101
B15: 13 Mar. | C15: German | I15: Operating Systems (Linux) | J15: LIU Huiru | K15: A101
B16: 14 Mar. | I16: Operating Systems (Linux) | J16: LIU Huiru | K16: A101
B17: 15 Mar.
A18: 3 | B18: 16 Mar. | C18: German | F18: Operating Systems (Linux) | G18: LIU Huiru | H18: B106 | I18: Operating Systems (Linux) | J18: LIU Huiru | K18: B106 | L18: Operating Systems (Linux) | M18: LIU Huiru | N18: B106
B19: 17 Mar. | C19: German | I19: Operating Systems (Linux) | J19: LIU Huiru | K19: A101
B20: 18 Mar. | C20: German | I20: Operating Systems (Linux) | J20: LIU Huiru | K20: A101
B21: 19 Mar. | C21: German | I21: Operating Systems (Linux) | J21: LIU Huiru | K21: A101
B22: 20 Mar. | C22: German | I22: Operating Systems (Linux) | J22: LIU Huiru | K22: A101
B23: 21 Mar. | I23: Operating Systems (Linux) | J23: LIU Huiru | K23: A101
B24: 22 Mar.
A25: 4 | B25: 23 Mar. | C25: German
B26: 24 Mar. | C26: German | F26: Programming 2 (OOP with Python) | G26: MIAO Hao | H26: B106 | I26: Programming 2 (OOP with Python) | J26: MIAO Hao / PhD1 | K26: B106 A101 | L26: Programming 2 (OOP with Python) | M26: PhD1 | N26: A101
B27: 25 Mar. | C27: German | F27: Programming 2 (OOP with Python) | G27: MIAO Hao | H27: B106 | I27: Programming 2 (OOP with Python) | J27: MIAO Hao / PhD1 | K27: B106 A101 | L27: Programming 2 (OOP with Python) | M27: PhD1 | N27: A101
B28: 26 Mar. | C28: German | F28: Programming 2 (OOP with Python) | G28: MIAO Hao | H28: B106 | I28: Programming 2 (OOP with Python) | J28: MIAO Hao / PhD1 | K28: B106 A101 | L28: Programming 2 (OOP with Python) | M28: PhD1 | N28: A101
B29: 27 Mar. | C29: German | F29: Programming 2 (OOP with Python) | G29: MIAO Hao | H29: B106 | I29: Programming 2 (OOP with Python) | J29: MIAO Hao / PhD1 | K29: B106 A101 | L29: Programming 2 (OOP with Python) | M29: PhD1 | N29: A101
B30: 28 Mar.
B31: 29 Mar.
A32: 5 | B32: 30 Mar. | C32: German | F32: Programming 2 (OOP with Python) | G32: MIAO Hao | H32: B106 | I32: Programming 2 (OOP with Python) | J32: MIAO Hao / PhD1 | K32: B106 A101 | L32: Programming 2 (OOP with Python) | M32: PhD1 | N32: A101
B33: 31 Mar. | C33: German | F33: Programming 2 (OOP with Python) | G33: MIAO Hao | H33: B106 | I33: Programming 2 (OOP with Python) | J33: MIAO Hao / PhD1 | K33: B106 A101 | L33: Programming 2 (OOP with Python) | M33: PhD1 | N33: A101
B34: 1 Apr. | C34: German | F34: Programming 2 (OOP with Python) | G34: MIAO Hao | H34: B106 | I34: Programming 2 (OOP with Python) | J34: MIAO Hao / PhD1 | K34: B106 A101 | L34: Programming 2 (OOP with Python) | M34: PhD1 | N34: A101
B35: 2 Apr. | C35: German | F35: Programming 2 (OOP with Python) | G35: MIAO Hao | H35: B106 | I35: Programming 2 (OOP with Python) | J35: MIAO Hao / PhD1 | K35: B106 A101 | L35: Programming 2 (OOP with Python) | M35: PhD1 | N35: A101
B36: 3 Apr. | C36: German | F36: Programming 2 (OOP with Python) | G36: MIAO Hao | H36: B106 | I36: Programming 2 (OOP with Python) | J36: MIAO Hao / PhD1 | K36: B106 A101 | L36: Programming 2 (OOP with Python) | M36: PhD1 | N36: A101
B37: 4 Apr. | C37: Holiday
B38: 5 Apr.
A39: 6 | B39: 6 Apr.
B40: 7 Apr. | C40: German | F40: Programming 2 (OOP with Python) | G40: MIAO Hao | H40: B106 | I40: Programming 2 (OOP with Python) | J40: MIAO Hao / PhD1 | K40: B106 A101 | L40: Programming 2 (OOP with Python) | M40: PhD1 | N40: A101
B41: 8 Apr. | C41: German | F41: Introduction to Robotics (Robot Operating System) | G41: WAN Shaohua | H41: B106 | I41: Introduction to Robotics (Robot Operating System) | J41: WAN Shaohua / PhD1 | K41: B106 A101 | L41: Introduction to Robotics (Robot Operating System) | M41: PhD1 | N41: A101
B42: 9 Apr. | C42: German | F42: Introduction to Robotics (Robot Operating System) | G42: WAN Shaohua | H42: B106 | I42: Introduction to Robotics (Robot Operating System) | J42: WAN Shaohua / PhD1 | K42: B106 A101 | L42: Introduction to Robotics (Robot Operating System) | M42: PhD1 | N42: A101
B43: 10 Apr. | C43: German | F43: Introduction to Robotics (Robot Operating System) | G43: WAN Shaohua | H43: B106 | I43: Introduction to Robotics (Robot Operating System) | J43: WAN Shaohua / PhD1 | K43: B106 A101 | L43: Introduction to Robotics (Robot Operating System) | M43: PhD1 | N43: A101
B44: 11 Apr. | F44: Introduction to Robotics (Robot Operating System) | G44: WAN Shaohua | H44: B106 | I44: Introduction to Robotics (Robot Operating System) | J44: WAN Shaohua / PhD1 | K44: B106 A101 | L44: Introduction to Robotics (Robot Operating System) | M44: PhD1 | N44: A101
B45: 12 Apr.
A46: 7 | B46: 13 Apr. | C46: German | F46: Introduction to Robotics (Robot Operating System) | G46: WAN Shaohua | H46: B106 | I46: Introduction to Robotics (Robot Operating System) | J46: WAN Shaohua / PhD1 | K46: B106 A101 | L46: Introduction to Robotics (Robot Operating System) | M46: PhD1 | N46: A101
B47: 14 Apr. | C47: German | F47: Introduction to Robotics (Robot Operating System) | G47: WAN Shaohua | H47: B106 | I47: Introduction to Robotics (Robot Operating System) | J47: WAN Shaohua / PhD1 | K47: B106 A101 | L47: Introduction to Robotics (Robot Operating System) | M47: PhD1 | N47: A101
B48: 15 Apr. | C48: German | F48: Introduction to Robotics (Robot Operating System) | G48: WAN Shaohua | H48: B106 | I48: Introduction to Robotics (Robot Operating System) | J48: WAN Shaohua / PhD1 | K48: B106 A101 | L48: Introduction to Robotics (Robot Operating System) | M48: PhD1 | N48: A101
B49: 16 Apr. | C49: German | F49: Introduction to Robotics (Robot Operating System) | G49: WAN Shaohua | H49: B106 | I49: Introduction to Robotics (Robot Operating System) | J49: WAN Shaohua / PhD1 | K49: B106 A101 | L49: Introduction to Robotics (Robot Operating System) | M49: PhD1 | N49: A101
B50: 17 Apr. | C50: German | F50: Introduction to Robotics (Robot Operating System) | G50: WAN Shaohua | H50: B106 | I50: Introduction to Robotics (Robot Operating System) | J50: WAN Shaohua / PhD1 | K50: B106 A101 | L50: Introduction to Robotics (Robot Operating System) | M50: PhD1 | N50: A101
B51: 18 Apr.
B52: 19 Apr.
A53: 8 | B53: 20 Apr. | C53: German | F53: Introduction to Robotics (Robot Operating System) | G53: WAN Shaohua | H53: B106 | I53: Introduction to Robotics (Robot Operating System) | J53: WAN Shaohua / PhD1 | K53: B106 A101 | L53: Introduction to Robotics (Robot Operating System) | M53: PhD1 | N53: A101
B54: 21 Apr. | C54: German
B55: 22 Apr. | C55: German | F55: Fundamentals of AI | G55: LI Yuanzhe | H55: B106 | I55: Fundamentals of AI | J55: Nasir Saleem | K55: A102
B56: 23 Apr. | C56: German | F56: Fundamentals of AI | G56: LI Yuanzhe | H56: B106 | I56: Fundamentals of AI | J56: Nasir Saleem | K56: A102
B57: 24 Apr. | C57: German | F57: Fundamentals of AI | G57: LI Yuanzhe | H57: B106 | I57: Fundamentals of AI | J57: Nasir Saleem | K57: A102 | L57: Operating Systems (Linux) | M57: LIU Huiru | N57: A411
B58: 25 Apr.
B59: 26 Apr.
A60: 9 | B60: 27 Apr. | C60: German | F60: Fundamentals of AI | G60: LI Yuanzhe | H60: B106 | I60: Fundamentals of AI | J60: Nasir Saleem | K60: A102 | L60: Operating Systems (Linux) | M60: LIU Huiru | N60: A411
B61: 28 Apr. | C61: German | F61: Fundamentals of AI | G61: LI Yuanzhe | H61: B106 | I61: Fundamentals of AI | J61: Nasir Saleem | K61: A102
B62: 29 Apr. | C62: German | F62: Fundamentals of AI | G62: LI Yuanzhe | H62: B106 | I62: Fundamentals of AI | J62: Nasir Saleem | K62: A102 | L62: Operating Systems (Linux) | M62: LIU Huiru | N62: A411
B63: 30 Apr. | C63: German | F63: Fundamentals of AI | G63: LI Yuanzhe | H63: B106 | I63: Fundamentals of AI | J63: Nasir Saleem | K63: A102
B64: 1 May | C64: Holiday
B65: 2 May
B66: 3 May
A67: 10 | B67: 4 May
B68: 5 May
B69: 6 May | C69: German | F69: Fundamentals of AI | G69: LI Yuanzhe | H69: B106 | I69: Fundamentals of AI | J69: Nasir Saleem | K69: A102 | L69: Operating Systems (Linux) | M69: LIU Huiru | N69: A411
B70: 7 May | C70: German | F70: Fundamentals of AI | G70: LI Yuanzhe | H70: B106 | I70: Fundamentals of AI | J70: Nasir Saleem | K70: A102
B71: 8 May | C71: German | F71: Fundamentals of AI | G71: LI Yuanzhe | H71: B106 | I71: Fundamentals of AI | J71: Nasir Saleem | K71: A102 | L71: Operating Systems (Linux) | M71: LIU Huiru | N71: A411
B72: 9 May | F72: Fundamentals of AI | G72: LI Yuanzhe | H72: B106 | I72: Fundamentals of AI | J72: Nasir Saleem | K72: A102 | L72: Operating Systems (Linux) | M72: LIU Huiru | N72: A411
B73: 10 May
A74: 11 | B74: 11 May | C74: German | F74: Fundamentals of AI | G74: LI Yuanzhe | H74: B106 | I74: Fundamentals of AI | J74: Nasir Saleem | K74: A102 | L74: Operating Systems (Linux) | M74: LIU Huiru | N74: A411
B75: 12 May | C75: German | F75: Fundamentals of AI | G75: LI Yuanzhe | H75: B106 | I75: Fundamentals of AI | J75: Nasir Saleem | K75: A102
B76: 13 May | C76: German | F76: Fundamentals of AI | G76: LI Yuanzhe | H76: B106 | I76: Fundamentals of AI | J76: Nasir Saleem | K76: A102 | L76: Operating Systems (Linux) | M76: LIU Huiru | N76: A411
B77: 14 May | C77: German | F77: Fundamentals of AI | G77: LI Yuanzhe | H77: B106 | I77: Fundamentals of AI | J77: Nasir Saleem | K77: A102
B78: 15 May | C78: German
B79: 16 May
B80: 17 May
A81: 12 | B81: 18 May | C81: Exam Weeks
B82: 19 May
B83: 20 May
B84: 21 May
B85: 22 May
B86: 23 May
B87: 24 May
A88: 13 | B88: 25 May
B89: 26 May
B90: 27 May
B91: 28 May
B92: 29 May
B93: 30 May
B94: 31 May
A95: 14 | B95: 1 Jun. | O95: German | Q95: online
B96: 2 Jun. | O96: German | Q96: online
B97: 3 Jun. | O97: German | Q97: online
B98: 4 Jun. | O98: German | Q98: online
B99: 5 Jun. | O99: German | Q99: online
B100: 6 Jun.
B101: 7 Jun.
...

Sheet 2024CS3
A2: week | B2: date | C2: 1st Session | F2: 2nd Session | I2: 3rd Session | L2: 4th Session | O2: 5th Session | R2: 6th Session
C3: 8:30-10:00 | F3: 10:15-11:45 | I3: 14:30-16:00 | L3: 16:15-17:45 | O3: 18:35-20:05 | R3: 20:15-21:45
A4: 1 | B4: 2 Mar. | C4: German | F4: Operating Systems (Linux) | G4: LIU Huiru | H4: B106 | I4: Operating Systems (Linux) | J4: LIU Huiru | K4: B106 | L4: Operating Systems (Linux) | M4: LIU Huiru | N4: B106 | X4: Required TH | Y4: Required Sessions | Z4: Scheduled Sessions
B5: 3 Mar. | C5: German | L5: Operating Systems (Linux) | M5: LIU Huiru | N5: A101 | V5: Introduction to Robotics (Robot Operating System) | W5: WAN Shaohua | X5: 60 | Y5: ==X5/2 -> 30 | Z5: ==COUNTIFS($C$4:$T$150,V5) -> 30
B6: 4 Mar. | C6: German | L6: Operating Systems (Linux) | M6: LIU Huiru | N6: A101 | V6: Operating Systems (Linux) | W6: LIU Huiru | X6: 60 | Y6: ==X6/2 -> 30 | Z6: ==COUNTIFS($C$4:$T$150,V6) -> 30
B7: 5 Mar. | C7: German | L7: Operating Systems (Linux) | M7: LIU Huiru | N7: A101 | V7: Fundamentals of AI | W7: LI Yuanzhe | X7: 60 | Y7: ==X7/2 -> 30 | Z7: ==COUNTIFS($C$4:$T$150,V7) -> 30
B8: 6 Mar. | C8: German | L8: Operating Systems (Linux) | M8: LIU Huiru | N8: A101 | V8: Programming 2 (OOP with Python) | W8: MIAO Hao | X8: 60 | Y8: ==X8/2 -> 30 | Z8: ==COUNTIFS($C$4:$T$150,V8) -> 30
B9: 7 Mar. | L9: Operating Systems (Linux) | M9: LIU Huiru | N9: A101 | V9: German | X9: 180 | Y9: ==X9/2 -> 90 | Z9: ==COUNTIFS($C$4:$T$150,V9) -> 90
B10: 8 Mar.
A11: 2 | B11: 9 Mar. | C11: German | L11: Operating Systems (Linux) | M11: LIU Huiru | N11: A101
B12: 10 Mar. | C12: German | L12: Operating Systems (Linux) | M12: LIU Huiru | N12: A101
B13: 11 Mar. | C13: German | L13: Operating Systems (Linux) | M13: LIU Huiru | N13: A101
B14: 12 Mar. | C14: German | L14: Operating Systems (Linux) | M14: LIU Huiru | N14: A101
B15: 13 Mar. | C15: German | L15: Operating Systems (Linux) | M15: LIU Huiru | N15: A101
B16: 14 Mar. | L16: Operating Systems (Linux) | M16: LIU Huiru | N16: A101
B17: 15 Mar.
A18: 3 | B18: 16 Mar. | C18: German | F18: Operating Systems (Linux) | G18: LIU Huiru | H18: B106 | I18: Operating Systems (Linux) | J18: LIU Huiru | K18: B106 | L18: Operating Systems (Linux) | M18: LIU Huiru | N18: B106
B19: 17 Mar. | C19: German | L19: Operating Systems (Linux) | M19: LIU Huiru | N19: A101
B20: 18 Mar. | C20: German | L20: Operating Systems (Linux) | M20: LIU Huiru | N20: A101
B21: 19 Mar. | C21: German | L21: Operating Systems (Linux) | M21: LIU Huiru | N21: A101
B22: 20 Mar. | C22: German | L22: Operating Systems (Linux) | M22: LIU Huiru | N22: A101
B23: 21 Mar. | L23: Operating Systems (Linux) | M23: LIU Huiru | N23: A101
B24: 22 Mar.
A25: 4 | B25: 23 Mar. | C25: German
B26: 24 Mar. | C26: German | F26: Programming 2 (OOP with Python) | G26: MIAO Hao | H26: B106 | I26: Programming 2 (OOP with Python) | J26: MIAO Hao / PhD2 | K26: B106 A102 | L26: Programming 2 (OOP with Python) | M26: PhD2 | N26: A102
B27: 25 Mar. | C27: German | F27: Programming 2 (OOP with Python) | G27: MIAO Hao | H27: B106 | I27: Programming 2 (OOP with Python) | J27: MIAO Hao / PhD2 | K27: B106 A102 | L27: Programming 2 (OOP with Python) | M27: PhD2 | N27: A102
B28: 26 Mar. | C28: German | F28: Programming 2 (OOP with Python) | G28: MIAO Hao | H28: B106 | I28: Programming 2 (OOP with Python) | J28: MIAO Hao / PhD2 | K28: B106 A102 | L28: Programming 2 (OOP with Python) | M28: PhD2 | N28: A102
B29: 27 Mar. | C29: German | F29: Programming 2 (OOP with Python) | G29: MIAO Hao | H29: B106 | I29: Programming 2 (OOP with Python) | J29: MIAO Hao / PhD2 | K29: B106 A102 | L29: Programming 2 (OOP with Python) | M29: PhD2 | N29: A102
B30: 28 Mar.
B31: 29 Mar.
A32: 5 | B32: 30 Mar. | C32: German | F32: Programming 2 (OOP with Python) | G32: MIAO Hao | H32: B106 | I32: Programming 2 (OOP with Python) | J32: MIAO Hao / PhD2 | K32: B106 A102 | L32: Programming 2 (OOP with Python) | M32: PhD2 | N32: A102
B33: 31 Mar. | C33: German | F33: Programming 2 (OOP with Python) | G33: MIAO Hao | H33: B106 | I33: Programming 2 (OOP with Python) | J33: MIAO Hao / PhD2 | K33: B106 A102 | L33: Programming 2 (OOP with Python) | M33: PhD2 | N33: A102
B34: 1 Apr. | C34: German | F34: Programming 2 (OOP with Python) | G34: MIAO Hao | H34: B106 | I34: Programming 2 (OOP with Python) | J34: MIAO Hao / PhD2 | K34: B106 A102 | L34: Programming 2 (OOP with Python) | M34: PhD2 | N34: A102
B35: 2 Apr. | C35: German | F35: Programming 2 (OOP with Python) | G35: MIAO Hao | H35: B106 | I35: Programming 2 (OOP with Python) | J35: MIAO Hao / PhD2 | K35: B106 A102 | L35: Programming 2 (OOP with Python) | M35: PhD2 | N35: A102
B36: 3 Apr. | C36: German | F36: Programming 2 (OOP with Python) | G36: MIAO Hao | H36: B106 | I36: Programming 2 (OOP with Python) | J36: MIAO Hao / PhD2 | K36: B106 A102 | L36: Programming 2 (OOP with Python) | M36: PhD2 | N36: A102
B37: 4 Apr. | C37: Holiday
B38: 5 Apr.
A39: 6 | B39: 6 Apr.
B40: 7 Apr. | C40: German | F40: Programming 2 (OOP with Python) | G40: MIAO Hao | H40: B106 | I40: Programming 2 (OOP with Python) | J40: MIAO Hao / PhD2 | K40: B106 A102 | L40: Programming 2 (OOP with Python) | M40: PhD2 | N40: A102
B41: 8 Apr. | C41: German | F41: Introduction to Robotics (Robot Operating System) | G41: WAN Shaohua | H41: B106 | I41: Introduction to Robotics (Robot Operating System) | J41: WAN Shaohua / PhD2 | K41: B106 A102 | L41: Introduction to Robotics (Robot Operating System) | M41: PhD2 | N41: A102
B42: 9 Apr. | C42: German | F42: Introduction to Robotics (Robot Operating System) | G42: WAN Shaohua | H42: B106 | I42: Introduction to Robotics (Robot Operating System) | J42: WAN Shaohua / PhD2 | K42: B106 A102 | L42: Introduction to Robotics (Robot Operating System) | M42: PhD2 | N42: A102
B43: 10 Apr. | C43: German | F43: Introduction to Robotics (Robot Operating System) | G43: WAN Shaohua | H43: B106 | I43: Introduction to Robotics (Robot Operating System) | J43: WAN Shaohua / PhD2 | K43: B106 A102 | L43: Introduction to Robotics (Robot Operating System) | M43: PhD2 | N43: A102
B44: 11 Apr. | F44: Introduction to Robotics (Robot Operating System) | G44: WAN Shaohua | H44: B106 | I44: Introduction to Robotics (Robot Operating System) | J44: WAN Shaohua / PhD2 | K44: B106 A102 | L44: Introduction to Robotics (Robot Operating System) | M44: PhD2 | N44: A102
B45: 12 Apr.
A46: 7 | B46: 13 Apr. | C46: German | F46: Introduction to Robotics (Robot Operating System) | G46: WAN Shaohua | H46: B106 | I46: Introduction to Robotics (Robot Operating System) | J46: WAN Shaohua / PhD2 | K46: B106 A102 | L46: Introduction to Robotics (Robot Operating System) | M46: PhD2 | N46: A102
B47: 14 Apr. | C47: German | F47: Introduction to Robotics (Robot Operating System) | G47: WAN Shaohua | H47: B106 | I47: Introduction to Robotics (Robot Operating System) | J47: WAN Shaohua / PhD2 | K47: B106 A102 | L47: Introduction to Robotics (Robot Operating System) | M47: PhD2 | N47: A102
B48: 15 Apr. | C48: German | F48: Introduction to Robotics (Robot Operating System) | G48: WAN Shaohua | H48: B106 | I48: Introduction to Robotics (Robot Operating System) | J48: WAN Shaohua / PhD2 | K48: B106 A102 | L48: Introduction to Robotics (Robot Operating System) | M48: PhD2 | N48: A102
B49: 16 Apr. | C49: German | F49: Introduction to Robotics (Robot Operating System) | G49: WAN Shaohua | H49: B106 | I49: Introduction to Robotics (Robot Operating System) | J49: WAN Shaohua / PhD2 | K49: B106 A102 | L49: Introduction to Robotics (Robot Operating System) | M49: PhD2 | N49: A102
B50: 17 Apr. | C50: German | F50: Introduction to Robotics (Robot Operating System) | G50: WAN Shaohua | H50: B106 | I50: Introduction to Robotics (Robot Operating System) | J50: WAN Shaohua / PhD2 | K50: B106 A102 | L50: Introduction to Robotics (Robot Operating System) | M50: PhD2 | N50: A102
B51: 18 Apr.
B52: 19 Apr.
A53: 8 | B53: 20 Apr. | C53: German | F53: Introduction to Robotics (Robot Operating System) | G53: WAN Shaohua | H53: B106 | I53: Introduction to Robotics (Robot Operating System) | J53: WAN Shaohua / PhD2 | K53: B106 A102 | L53: Introduction to Robotics (Robot Operating System) | M53: PhD2 | N53: A102
B54: 21 Apr. | C54: German
B55: 22 Apr. | C55: German | F55: Fundamentals of AI | G55: LI Yuanzhe | H55: B106 | L55: Fundamentals of AI | M55: LI Yuanzhe | N55: A101
B56: 23 Apr. | C56: German | F56: Fundamentals of AI | G56: LI Yuanzhe | H56: B106 | I56: Operating Systems (Linux) | J56: LIU Huiru | K56: A411 | L56: Fundamentals of AI | M56: LI Yuanzhe | N56: A101
B57: 24 Apr. | C57: German | F57: Fundamentals of AI | G57: LI Yuanzhe | H57: B106 | L57: Fundamentals of AI | M57: LI Yuanzhe | N57: A101
B58: 25 Apr. | I58: Operating Systems (Linux) | J58: LIU Huiru | K58: A411
B59: 26 Apr.
A60: 9 | B60: 27 Apr. | C60: German | F60: Fundamentals of AI | G60: LI Yuanzhe | H60: B106 | L60: Fundamentals of AI | M60: LI Yuanzhe | N60: A101
B61: 28 Apr. | C61: German | F61: Fundamentals of AI | G61: LI Yuanzhe | H61: B106 | I61: Operating Systems (Linux) | J61: LIU Huiru | K61: A411 | L61: Fundamentals of AI | M61: LI Yuanzhe | N61: A101
B62: 29 Apr. | C62: German | F62: Fundamentals of AI | G62: LI Yuanzhe | H62: B106 | L62: Fundamentals of AI | M62: LI Yuanzhe | N62: A101
B63: 30 Apr. | C63: German | F63: Fundamentals of AI | G63: LI Yuanzhe | H63: B106 | I63: Operating Systems (Linux) | J63: LIU Huiru | K63: A411 | L63: Fundamentals of AI | M63: LI Yuanzhe | N63: A101
B64: 1 May | C64: Holiday
B65: 2 May
B66: 3 May
A67: 10 | B67: 4 May
B68: 5 May
B69: 6 May | C69: German | F69: Fundamentals of AI | G69: LI Yuanzhe | H69: B106 | L69: Fundamentals of AI | M69: LI Yuanzhe | N69: A101
B70: 7 May | C70: German | F70: Fundamentals of AI | G70: LI Yuanzhe | H70: B106 | I70: Operating Systems (Linux) | J70: LIU Huiru | K70: A411 | L70: Fundamentals of AI | M70: LI Yuanzhe | N70: A101
B71: 8 May | C71: German | F71: Fundamentals of AI | G71: LI Yuanzhe | H71: B106 | L71: Fundamentals of AI | M71: LI Yuanzhe | N71: A101
B72: 9 May | F72: Fundamentals of AI | G72: LI Yuanzhe | H72: B106 | L72: Fundamentals of AI | M72: LI Yuanzhe | N72: A101
B73: 10 May
A74: 11 | B74: 11 May | C74: German | F74: Fundamentals of AI | G74: LI Yuanzhe | H74: B106 | I74: Operating Systems (Linux) | J74: LIU Huiru | K74: A411 | L74: Fundamentals of AI | M74: LI Yuanzhe | N74: A101
B75: 12 May | C75: German | F75: Fundamentals of AI | G75: LI Yuanzhe | H75: B106 | I75: Operating Systems (Linux) | J75: LIU Huiru | K75: A411 | L75: Fundamentals of AI | M75: LI Yuanzhe | N75: A101
B76: 13 May | C76: German | F76: Fundamentals of AI | G76: LI Yuanzhe | H76: B106 | L76: Fundamentals of AI | M76: LI Yuanzhe | N76: A101
B77: 14 May | C77: German | F77: Fundamentals of AI | G77: LI Yuanzhe | H77: B106 | I77: Operating Systems (Linux) | J77: LIU Huiru | K77: A411 | L77: Fundamentals of AI | M77: LI Yuanzhe | N77: A101
B78: 15 May | C78: German
B79: 16 May
B80: 17 May
A81: 12 | B81: 18 May | C81: Exam Weeks
B82: 19 May
B83: 20 May
B84: 21 May
B85: 22 May
B86: 23 May
B87: 24 May
A88: 13 | B88: 25 May
B89: 26 May
B90: 27 May
B91: 28 May
B92: 29 May
B93: 30 May
B94: 31 May
A95: 14 | B95: 1 Jun. | O95: German | Q95: online
B96: 2 Jun. | O96: German | Q96: online
B97: 3 Jun. | O97: German | Q97: online
B98: 4 Jun. | O98: German | Q98: online
B99: 5 Jun. | O99: German | Q99: online
B100: 6 Jun.
B101: 7 Jun.
...

Sheet 2024DT1
A2: week | B2: date | C2: 1st Session | F2: 2nd Session | I2: 3rd Session | L2: 4th Session | O2: 5th Session | R2: 6th Session
C3: 8:30-10:00 | F3: 10:15-11:45 | I3: 14:30-16:00 | L3: 16:15-17:45 | O3: 18:35-20:05 | R3: 20:15-21:45
A4: 1 | B4: 2 Mar. | C4: Mathematics III | D4: DING Pengyong | E4: B111 | F4: Mathematics III | G4: DING Pengyong | H4: B111 | I4: Mathematics III | J4: DING Pengyong | K4: B111 | L4: German | X4: Required TH | Y4: Required Sessions | Z4: Scheduled Sessions
B5: 3 Mar. | C5: Web Technologies | D5: Auwal Sagir Muhammad | E5: B307 | F5: Web Technologies | G5: Auwal Sagir Muhammad | H5: B307 | I5: Web Technologies | J5: Auwal Sagir Muhammad | K5: B307 | L5: German | V5: Mathematics III | W5: DING Pengyong | X5: 60 | Y5: ==X5/2 -> 30 | Z5: ==COUNTIFS($C$4:$T$150,V5) -> 30
B6: 4 Mar. | C6: Operations Research | D6: Pascal Reusch | E6: B112 | F6: Operations Research | G6: Pascal Reusch | H6: B112 | I6: Operations Research | J6: Pascal Reusch | K6: B112 | L6: German | V6: Operations Research | W6: Pascal Reusch | X6: 40 | Y6: ==X6/2 -> 20 | Z6: ==COUNTIFS($C$4:$T$150,V6) -> 20
B7: 5 Mar. | L7: German | V7: Data Analytics & Machine Learning | W7: LIU Dejang | X7: 60 | Y7: ==X7/2 -> 30 | Z7: ==COUNTIFS($C$4:$T$150,V7) -> 30
B8: 6 Mar. | C8: Data Analytics & Machine Learning | D8: LIU Dejang | E8: B307 | F8: Data Analytics & Machine Learning | G8: LIU Dejang | H8: B307 | I8: Data Analytics & Machine Learning | J8: LIU Dejang | K8: B307 | L8: German | V8: Networking and IoT Solutions | W8: RUAN Yujue | X8: 60 | Y8: ==X8/2 -> 30 | Z8: ==COUNTIFS($C$4:$T$150,V8) -> 27
B9: 7 Mar. | V9: Web Technologies | W9: Auwal Sagir Muhammad | X9: 60 | Y9: ==X9/2 -> 30 | Z9: ==COUNTIFS($C$4:$T$150,V9) -> 30
B10: 8 Mar. | V10: German | X10: 180 | Y10: ==X10/2 -> 90 | Z10: ==COUNTIFS($C$4:$T$150,V10) -> 90
A11: 2 | B11: 9 Mar. | C11: Mathematics III | D11: DING Pengyong | E11: B111 | F11: Mathematics III | G11: DING Pengyong | H11: B111 | I11: Mathematics III | J11: DING Pengyong | K11: B111 | L11: German
B12: 10 Mar. | C12: Web Technologies | D12: Auwal Sagir Muhammad | E12: B307 | F12: Web Technologies | G12: Auwal Sagir Muhammad | H12: B307 | I12: Web Technologies | J12: Auwal Sagir Muhammad | K12: B307 | L12: German
B13: 11 Mar. | C13: Operations Research | D13: Pascal Reusch | E13: B112 | F13: Operations Research | G13: Pascal Reusch | H13: B112 | I13: Operations Research | J13: Pascal Reusch | K13: B112 | L13: German
B14: 12 Mar. | C14: Networking and IoT Solutions | D14: RUAN Yujie | E14: B109 | F14: Networking and IoT Solutions | G14: RUAN Yujie | H14: B109 | I14: Networking and IoT Solutions | J14: RUAN Yujie | K14: B109 | L14: German
B15: 13 Mar. | C15: Data Analytics & Machine Learning | D15: LIU Dejang | E15: B307 | F15: Data Analytics & Machine Learning | G15: LIU Dejang | H15: B307 | I15: Data Analytics & Machine Learning | J15: LIU Dejang | K15: B307 | L15: German
B16: 14 Mar.
B17: 15 Mar.
A18: 3 | B18: 16 Mar. | C18: Mathematics III | D18: DING Pengyong | E18: B111 | F18: Mathematics III | G18: DING Pengyong | H18: B111 | I18: Mathematics III | J18: DING Pengyong | K18: B111 | L18: German
B19: 17 Mar. | C19: Web Technologies | D19: Auwal Sagir Muhammad | E19: B307 | F19: Web Technologies | G19: Auwal Sagir Muhammad | H19: B307 | I19: Web Technologies | J19: Auwal Sagir Muhammad | K19: B307 | L19: German
B20: 18 Mar. | C20: Operations Research | D20: Pascal Reusch | E20: B112 | F20: Operations Research | G20: Pascal Reusch | H20: B112 | I20: Operations Research | J20: Pascal Reusch | K20: B112 | L20: German
B21: 19 Mar. | C21: Networking and IoT Solutions | D21: RUAN Yujie | E21: B109 | F21: Networking and IoT Solutions | G21: RUAN Yujie | H21: B109 | I21: Networking and IoT Solutions | J21: RUAN Yujie | K21: B109 | L21: German
B22: 20 Mar. | C22: Data Analytics & Machine Learning | D22: LIU Dejang | E22: B307 | F22: Data Analytics & Machine Learning | G22: LIU Dejang | H22: B307 | I22: Data Analytics & Machine Learning | J22: LIU Dejang | K22: B307 | L22: German
B23: 21 Mar.
B24: 22 Mar.
A25: 4 | B25: 23 Mar. | C25: Mathematics III | D25: DING Pengyong | E25: B111 | F25: Mathematics III | G25: DING Pengyong | H25: B111 | I25: Mathematics III | J25: DING Pengyong | K25: B111 | L25: German
B26: 24 Mar. | C26: Web Technologies | D26: Auwal Sagir Muhammad | E26: B307 | F26: Web Technologies | G26: Auwal Sagir Muhammad | H26: B307 | I26: Web Technologies | J26: Auwal Sagir Muhammad | K26: B307 | L26: German
B27: 25 Mar. | C27: Operations Research | D27: Pascal Reusch | E27: B112 | F27: Operations Research | G27: Pascal Reusch | H27: B112 | I27: Operations Research | J27: Pascal Reusch | K27: B112 | L27: German
B28: 26 Mar. | C28: Networking and IoT Solutions | D28: RUAN Yujie | E28: B109 | F28: Networking and IoT Solutions | G28: RUAN Yujie | H28: B109 | I28: Networking and IoT Solutions | J28: RUAN Yujie | K28: B109 | L28: German
B29: 27 Mar. | C29: Data Analytics & Machine Learning | D29: LIU Dejang | E29: B307 | F29: Data Analytics & Machine Learning | G29: LIU Dejang | H29: B307 | I29: Data Analytics & Machine Learning | J29: LIU Dejang | L29: German
B30: 28 Mar.
B31: 29 Mar.
A32: 5 | B32: 30 Mar. | C32: Mathematics III | D32: DING Pengyong | E32: B111 | F32: Mathematics III | G32: DING Pengyong | H32: B111 | I32: Mathematics III | J32: DING Pengyong | K32: B111 | L32: German
B33: 31 Mar. | C33: Web Technologies | D33: Auwal Sagir Muhammad | E33: B307 | F33: Web Technologies | G33: Auwal Sagir Muhammad | H33: B307 | I33: Web Technologies | J33: Auwal Sagir Muhammad | K33: B307 | L33: German
B34: 1 Apr. | C34: Operations Research | D34: Pascal Reusch | E34: B112 | F34: Operations Research | G34: Pascal Reusch | H34: B112 | I34: Operations Research | J34: Pascal Reusch | K34: B112 | L34: German
B35: 2 Apr. | C35: Networking and IoT Solutions | D35: RUAN Yujie | E35: B109 | F35: Networking and IoT Solutions | G35: RUAN Yujie | H35: B109 | I35: Networking and IoT Solutions | J35: RUAN Yujie | K35: B109 | L35: German
B36: 3 Apr. | C36: Data Analytics & Machine Learning | D36: LIU Dejang | E36: B307 | F36: Data Analytics & Machine Learning | G36: LIU Dejang | H36: B307 | I36: Data Analytics & Machine Learning | J36: LIU Dejang | K36: B307 | L36: German
B37: 4 Apr. | C37: Holiday
B38: 5 Apr.
A39: 6 | B39: 6 Apr.
B40: 7 Apr. | C40: Web Technologies | D40: Auwal Sagir Muhammad | E40: B307 | F40: Web Technologies | G40: Auwal Sagir Muhammad | H40: B307 | I40: Web Technologies | J40: Auwal Sagir Muhammad | K40: B307 | L40: German
B41: 8 Apr. | C41: Operations Research | D41: Pascal Reusch | E41: B112 | F41: Operations Research | G41: Pascal Reusch | H41: B112 | I41: Operations Research | J41: Pascal Reusch | K41: B112 | L41: German
B42: 9 Apr. | C42: Networking and IoT Solutions | D42: RUAN Yujie | E42: B109 | F42: Networking and IoT Solutions | G42: RUAN Yujie | H42: B109 | I42: Networking and IoT Solutions | J42: RUAN Yujie | K42: B109 | L42: German
B43: 10 Apr. | C43: Data Analytics & Machine Learning | D43: LIU Dejang | E43: B307 | F43: Data Analytics & Machine Learning | G43: LIU Dejang | H43: B307 | I43: Data Analytics & Machine Learning | J43: LIU Dejang | K43: B307 | L43: German
B44: 11 Apr. | C44: Operations Research | D44: Pascal Reusch | E44: B105 | F44: Operations Research | G44: Pascal Reusch | H44: B105
B45: 12 Apr.
A46: 7 | B46: 13 Apr. | C46: Mathematics III | D46: DING Pengyong | E46: B111 | F46: Mathematics III | G46: DING Pengyong | H46: B111 | I46: Mathematics III | J46: DING Pengyong | K46: B111 | L46: German
B47: 14 Apr. | C47: Web Technologies | D47: Auwal Sagir Muhammad | E47: B307 | F47: Web Technologies | G47: Auwal Sagir Muhammad | H47: B307 | I47: Web Technologies | J47: Auwal Sagir Muhammad | K47: B307 | L47: German
B48: 15 Apr. | L48: German
B49: 16 Apr. | C49: Networking and IoT Solutions | D49: RUAN Yujie | E49: B109 | F49: Networking and IoT Solutions | G49: RUAN Yujie | H49: B109 | I49: Networking and IoT Solutions | J49: RUAN Yujie | K49: B109 | L49: German
B50: 17 Apr. | C50: Data Analytics & Machine Learning | D50: LIU Dejang | E50: B307 | F50: Data Analytics & Machine Learning | G50: LIU Dejang | H50: B307 | I50: Data Analytics & Machine Learning | J50: LIU Dejang | K50: B307 | L50: German
B51: 18 Apr.
B52: 19 Apr.
A53: 8 | B53: 20 Apr. | C53: Mathematics III | D53: DING Pengyong | E53: B111 | F53: Mathematics III | G53: DING Pengyong | H53: B111 | I53: Mathematics III | J53: DING Pengyong | K53: B111 | L53: German
B54: 21 Apr. | C54: Web Technologies | D54: Auwal Sagir Muhammad | E54: B307 | F54: Web Technologies | G54: Auwal Sagir Muhammad | H54: B307 | I54: Web Technologies | J54: Auwal Sagir Muhammad | K54: B307 | L54: German
B55: 22 Apr. | L55: German
B56: 23 Apr. | C56: Networking and IoT Solutions | D56: RUAN Yujie | E56: B109 | F56: Networking and IoT Solutions | G56: RUAN Yujie | H56: B109 | I56: Networking and IoT Solutions | J56: RUAN Yujie | K56: B109 | L56: German
B57: 24 Apr. | C57: Data Analytics & Machine Learning | D57: LIU Dejang | E57: B307 | F57: Data Analytics & Machine Learning | G57: LIU Dejang | H57: B307 | I57: Data Analytics & Machine Learning | J57: LIU Dejang | K57: B307 | L57: German
B58: 25 Apr.
B59: 26 Apr.
A60: 9 | B60: 27 Apr. | C60: Mathematics III | D60: DING Pengyong | E60: B111 | F60: Mathematics III | G60: DING Pengyong | H60: B111 | I60: Mathematics III | J60: DING Pengyong | K60: B111 | L60: German
B61: 28 Apr. | C61: Web Technologies | D61: Auwal Sagir Muhammad | E61: B307 | F61: Web Technologies | G61: Auwal Sagir Muhammad | H61: B307 | I61: Web Technologies | J61: Auwal Sagir Muhammad | K61: B307 | L61: German
B62: 29 Apr. | L62: German
B63: 30 Apr. | C63: Networking and IoT Solutions | D63: RUAN Yujie | E63: B109 | F63: Networking and IoT Solutions | G63: RUAN Yujie | H63: B109 | I63: Networking and IoT Solutions | J63: RUAN Yujie | K63: B109 | L63: German
B64: 1 May | C64: Holiday
B65: 2 May
B66: 3 May
A67: 10 | B67: 4 May
B68: 5 May
B69: 6 May | L69: German
B70: 7 May | L70: German
B71: 8 May | C71: Data Analytics & Machine Learning | D71: LIU Dejang | E71: B307 | F71: Data Analytics & Machine Learning | G71: LIU Dejang | H71: B307 | I71: Data Analytics & Machine Learning | J71: LIU Dejang | K71: B307 | L71: German
B72: 9 May | C72: Mathematics III | D72: DING Pengyong | E72: B111 | F72: Mathematics III | G72: DING Pengyong | H72: B111 | I72: Mathematics III | J72: DING Pengyong | K72: B111
B73: 10 May
A74: 11 | B74: 11 May | C74: Mathematics III | D74: DING Pengyong | E74: B111 | F74: Mathematics III | G74: DING Pengyong | H74: B111 | I74: Mathematics III | J74: DING Pengyong | K74: B111 | L74: German
B75: 12 May | C75: Web Technologies | D75: Auwal Sagir Muhammad | E75: B307 | F75: Web Technologies | G75: Auwal Sagir Muhammad | H75: B307 | I75: Web Technologies | J75: Auwal Sagir Muhammad | K75: B307 | L75: German
B76: 13 May | L76: German
B77: 14 May | C77: Networking and IoT Solutions | D77: RUAN Yujie | E77: B109 | F77: Networking and IoT Solutions | G77: RUAN Yujie | H77: B109 | I77: Networking and IoT Solutions | J77: RUAN Yujie | K77: B109 | L77: German
B78: 15 May | C78: Data Analytics & Machine Learning | D78: LIU Dejang | E78: B307 | F78: Data Analytics & Machine Learning | G78: LIU Dejang | H78: B307 | I78: Data Analytics & Machine Learning | J78: LIU Dejang | K78: B307 | L78: German
B79: 16 May
B80: 17 May
A81: 12 | B81: 18 May | C81: Exam Weeks
B82: 19 May
B83: 20 May
B84: 21 May
B85: 22 May
B86: 23 May
B87: 24 May
A88: 13 | B88: 25 May
B89: 26 May
B90: 27 May
B91: 28 May
B92: 29 May
B93: 30 May
B94: 31 May
A95: 14 | B95: 1 Jun. | O95: German | Q95: online
B96: 2 Jun. | O96: German | Q96: online
B97: 3 Jun. | O97: German | Q97: online
B98: 4 Jun. | O98: German | Q98: online
B99: 5 Jun. | O99: German | Q99: online
B100: 6 Jun.
B101: 7 Jun.
...

Sheet 2024DT2
A2: week | B2: date | C2: 1st Session | F2: 2nd Session | I2: 3rd Session | L2: 4th Session | O2: 5th Session | R2: 6th Session
C3: 8:30-10:00 | F3: 10:15-11:45 | I3: 14:30-16:00 | L3: 16:15-17:45 | O3: 18:35-20:05 | R3: 20:15-21:45
A4: 1 | B4: 2 Mar. | C4: Web Technologies | D4: Auwal Sagir Muhammad | E4: B307 | F4: Web Technologies | G4: Auwal Sagir Muhammad | H4: B307 | I4: Web Technologies | J4: Auwal Sagir Muhammad | K4: B307 | L4: German | X4: Required TH | Y4: Required Sessions | Z4: Scheduled Sessions
B5: 3 Mar. | C5: Mathematics III | D5: DING Pengyong | E5: B111 | F5: Mathematics III | G5: DING Pengyong | H5: B111 | I5: Mathematics III | J5: DING Pengyong | K5: B111 | L5: German | V5: Mathematics III | W5: DING Pengyong | X5: 60 | Y5: ==X5/2 -> 30 | Z5: ==COUNTIFS($C$4:$T$150,V5) -> 30
B6: 4 Mar. | C6: Data Analytics & Machine Learning | D6: LIU Dejang | E6: B307 | F6: Data Analytics & Machine Learning | G6: LIU Dejang | H6: B307 | I6: Data Analytics & Machine Learning | J6: LIU Dejang | K6: B307 | L6: German | V6: Operations Research | W6: Pascal Reusch | X6: 40 | Y6: ==X6/2 -> 20 | Z6: ==COUNTIFS($C$4:$T$150,V6) -> 20
B7: 5 Mar. | C7: Operations Research | D7: Pascal Reusch | E7: B112 | F7: Operations Research | G7: Pascal Reusch | H7: B112 | I7: Operations Research | J7: Pascal Reusch | K7: B112 | L7: German | V7: Data Analytics & Machine Learning | W7: LIU Dejang | X7: 60 | Y7: ==X7/2 -> 30 | Z7: ==COUNTIFS($C$4:$T$150,V7) -> 30
B8: 6 Mar. | L8: German | V8: Networking and IoT Solutions | W8: RUAN Yujue | X8: 60 | Y8: ==X8/2 -> 30 | Z8: ==COUNTIFS($C$4:$T$150,V8) -> 27
B9: 7 Mar. | V9: Web Technologies | W9: Auwal Sagir Muhammad | X9: 60 | Y9: ==X9/2 -> 30 | Z9: ==COUNTIFS($C$4:$T$150,V9) -> 30
B10: 8 Mar. | V10: German | X10: 180 | Y10: ==X10/2 -> 90 | Z10: ==COUNTIFS($C$4:$T$150,V10) -> 90
A11: 2 | B11: 9 Mar. | C11: Web Technologies | D11: Auwal Sagir Muhammad | E11: B307 | F11: Web Technologies | G11: Auwal Sagir Muhammad | H11: B307 | I11: Web Technologies | J11: Auwal Sagir Muhammad | K11: B307 | L11: German
B12: 10 Mar. | C12: Mathematics III | D12: DING Pengyong | E12: B111 | F12: Mathematics III | G12: DING Pengyong | H12: B111 | I12: Mathematics III | J12: DING Pengyong | K12: B111 | L12: German
B13: 11 Mar. | C13: Data Analytics & Machine Learning | D13: LIU Dejang | E13: B307 | F13: Data Analytics & Machine Learning | G13: LIU Dejang | H13: B307 | I13: Data Analytics & Machine Learning | J13: LIU Dejang | K13: B307 | L13: German
B14: 12 Mar. | C14: Operations Research | D14: Pascal Reusch | E14: B112 | F14: Operations Research | G14: Pascal Reusch | H14: B112 | I14: Operations Research | J14: Pascal Reusch | K14: B112 | L14: German
B15: 13 Mar. | C15: Networking and IoT Solutions | D15: RUAN Yujie | E15: B306 | F15: Networking and IoT Solutions | G15: RUAN Yujie | H15: B306 | I15: Networking and IoT Solutions | J15: RUAN Yujie | K15: B306 | L15: German
B16: 14 Mar.
B17: 15 Mar.
A18: 3 | B18: 16 Mar. | C18: Web Technologies | D18: Auwal Sagir Muhammad | E18: B307 | F18: Web Technologies | G18: Auwal Sagir Muhammad | H18: B307 | I18: Web Technologies | J18: Auwal Sagir Muhammad | K18: B307 | L18: German
B19: 17 Mar. | C19: Mathematics III | D19: DING Pengyong | E19: B111 | F19: Mathematics III | G19: DING Pengyong | H19: B111 | I19: Mathematics III | J19: DING Pengyong | K19: B111 | L19: German
B20: 18 Mar. | C20: Data Analytics & Machine Learning | D20: LIU Dejang | E20: B307 | F20: Data Analytics & Machine Learning | G20: LIU Dejang | H20: B307 | I20: Data Analytics & Machine Learning | J20: LIU Dejang | K20: B307 | L20: German
B21: 19 Mar. | C21: Operations Research | D21: Pascal Reusch | E21: B112 | F21: Operations Research | G21: Pascal Reusch | H21: B112 | I21: Operations Research | J21: Pascal Reusch | K21: B112 | L21: German
B22: 20 Mar. | C22: Networking and IoT Solutions | D22: RUAN Yujie | E22: B306 | F22: Networking and IoT Solutions | G22: RUAN Yujie | H22: B306 | I22: Networking and IoT Solutions | J22: RUAN Yujie | K22: B306 | L22: German
B23: 21 Mar.
B24: 22 Mar.
A25: 4 | B25: 23 Mar. | C25: Web Technologies | D25: Auwal Sagir Muhammad | E25: B307 | F25: Web Technologies | G25: Auwal Sagir Muhammad | H25: B307 | I25: Web Technologies | J25: Auwal Sagir Muhammad | K25: B307 | L25: German
B26: 24 Mar. | C26: Mathematics III | D26: DING Pengyong | E26: B111 | F26: Mathematics III | G26: DING Pengyong | H26: B111 | I26: Mathematics III | J26: DING Pengyong | K26: B111 | L26: German
B27: 25 Mar. | C27: Data Analytics & Machine Learning | D27: LIU Dejang | E27: B307 | F27: Data Analytics & Machine Learning | G27: LIU Dejang | H27: B307 | I27: Data Analytics & Machine Learning | J27: LIU Dejang | K27: B307 | L27: German
B28: 26 Mar. | C28: Operations Research | D28: Pascal Reusch | E28: B112 | F28: Operations Research | G28: Pascal Reusch | H28: B112 | I28: Operations Research | J28: Pascal Reusch | K28: B112 | L28: German
B29: 27 Mar. | C29: Networking and IoT Solutions | D29: RUAN Yujie | E29: B306 | F29: Networking and IoT Solutions | G29: RUAN Yujie | H29: B306 | I29: Networking and IoT Solutions | J29: RUAN Yujie | K29: B306 | L29: German
B30: 28 Mar.
B31: 29 Mar.
A32: 5 | B32: 30 Mar. | C32: Web Technologies | D32: Auwal Sagir Muhammad | E32: B307 | F32: Web Technologies | G32: Auwal Sagir Muhammad | H32: B307 | I32: Web Technologies | J32: Auwal Sagir Muhammad | K32: B307 | L32: German
B33: 31 Mar. | C33: Mathematics III | D33: DING Pengyong | E33: B111 | F33: Mathematics III | G33: DING Pengyong | H33: B111 | I33: Mathematics III | J33: DING Pengyong | K33: B111 | L33: German
B34: 1 Apr. | C34: Data Analytics & Machine Learning | D34: LIU Dejang | E34: B307 | F34: Data Analytics & Machine Learning | G34: LIU Dejang | H34: B307 | I34: Data Analytics & Machine Learning | J34: LIU Dejang | K34: B307 | L34: German
B35: 2 Apr. | C35: Operations Research | D35: Pascal Reusch | E35: B112 | F35: Operations Research | G35: Pascal Reusch | H35: B112 | I35: Operations Research | J35: Pascal Reusch | K35: B112 | L35: German
B36: 3 Apr. | C36: Networking and IoT Solutions | D36: RUAN Yujie | E36: B306 | F36: Networking and IoT Solutions | G36: RUAN Yujie | H36: B306 | I36: Networking and IoT Solutions | J36: RUAN Yujie | K36: B306 | L36: German
B37: 4 Apr. | C37: Holiday
B38: 5 Apr.
A39: 6 | B39: 6 Apr.
B40: 7 Apr. | C40: Mathematics III | D40: DING Pengyong | E40: B111 | F40: Mathematics III | G40: DING Pengyong | H40: B111 | I40: Mathematics III | J40: DING Pengyong | K40: B111 | L40: German
B41: 8 Apr. | C41: Data Analytics & Machine Learning | D41: LIU Dejang | E41: B307 | F41: Data Analytics & Machine Learning | G41: LIU Dejang | H41: B307 | I41: Data Analytics & Machine Learning | J41: LIU Dejang | K41: B307 | L41: German
B42: 9 Apr. | C42: Operations Research | D42: Pascal Reusch | E42: B112 | F42: Operations Research | G42: Pascal Reusch | H42: B112 | I42: Operations Research | J42: Pascal Reusch | K42: B112 | L42: German
B43: 10 Apr. | C43: Networking and IoT Solutions | D43: RUAN Yujie | E43: B306 | F43: Networking and IoT Solutions | G43: RUAN Yujie | H43: B306 | I43: Networking and IoT Solutions | J43: RUAN Yujie | K43: B306 | L43: German
B44: 11 Apr. | C44: Operations Research | D44: Pascal Reusch | E44: B105 | F44: Operations Research | G44: Pascal Reusch | H44: B105
B45: 12 Apr.
A46: 7 | B46: 13 Apr. | C46: Web Technologies | D46: Auwal Sagir Muhammad | E46: B307 | F46: Web Technologies | G46: Auwal Sagir Muhammad | H46: B307 | I46: Web Technologies | J46: Auwal Sagir Muhammad | K46: B307 | L46: German
B47: 14 Apr. | C47: Mathematics III | D47: DING Pengyong | E47: B111 | F47: Mathematics III | G47: DING Pengyong | H47: B111 | I47: Mathematics III | J47: DING Pengyong | K47: B111 | L47: German
B48: 15 Apr. | C48: Data Analytics & Machine Learning | D48: LIU Dejang | E48: B307 | F48: Data Analytics & Machine Learning | G48: LIU Dejang | H48: B307 | I48: Data Analytics & Machine Learning | J48: LIU Dejang | K48: B307 | L48: German
B49: 16 Apr. | L49: German
B50: 17 Apr. | C50: Networking and IoT Solutions | D50: RUAN Yujie | E50: B306 | F50: Networking and IoT Solutions | G50: RUAN Yujie | H50: B306 | I50: Networking and IoT Solutions | J50: RUAN Yujie | K50: B306 | L50: German
B51: 18 Apr.
B52: 19 Apr.
A53: 8 | B53: 20 Apr. | C53: Web Technologies | D53: Auwal Sagir Muhammad | E53: B307 | F53: Web Technologies | G53: Auwal Sagir Muhammad | H53: B307 | I53: Web Technologies | J53: Auwal Sagir Muhammad | K53: B307 | L53: German
B54: 21 Apr. | C54: Mathematics III | D54: DING Pengyong | E54: B111 | F54: Mathematics III | G54: DING Pengyong | H54: B111 | I54: Mathematics III | J54: DING Pengyong | K54: B111 | L54: German
B55: 22 Apr. | C55: Data Analytics & Machine Learning | D55: LIU Dejang | E55: B307 | F55: Data Analytics & Machine Learning | G55: LIU Dejang | H55: B307 | I55: Data Analytics & Machine Learning | J55: LIU Dejang | K55: B307 | L55: German
B56: 23 Apr. | L56: German
B57: 24 Apr. | C57: Networking and IoT Solutions | D57: RUAN Yujie | E57: B306 | F57: Networking and IoT Solutions | G57: RUAN Yujie | H57: B306 | I57: Networking and IoT Solutions | J57: RUAN Yujie | K57: B306 | L57: German
B58: 25 Apr.
B59: 26 Apr.
A60: 9 | B60: 27 Apr. | C60: Web Technologies | D60: Auwal Sagir Muhammad | E60: B307 | F60: Web Technologies | G60: Auwal Sagir Muhammad | H60: B307 | I60: Web Technologies | J60: Auwal Sagir Muhammad | K60: B307 | L60: German
B61: 28 Apr. | C61: Mathematics III | D61: DING Pengyong | E61: B111 | F61: Mathematics III | G61: DING Pengyong | H61: B111 | I61: Mathematics III | J61: DING Pengyong | K61: B111 | L61: German
B62: 29 Apr. | C62: Data Analytics & Machine Learning | D62: LIU Dejang | E62: B307 | F62: Data Analytics & Machine Learning | G62: LIU Dejang | H62: B307 | I62: Data Analytics & Machine Learning | J62: LIU Dejang | K62: B307 | L62: German
B63: 30 Apr. | L63: German
B64: 1 May | C64: Holiday
B65: 2 May
B66: 3 May
A67: 10 | B67: 4 May
B68: 5 May
B69: 6 May | L69: German
B70: 7 May | L70: German
B71: 8 May | C71: Networking and IoT Solutions | D71: RUAN Yujie | E71: B306 | F71: Networking and IoT Solutions | G71: RUAN Yujie | H71: B306 | I71: Networking and IoT Solutions | J71: RUAN Yujie | K71: B306 | L71: German
B72: 9 May | C72: Web Technologies | D72: Auwal Sagir Muhammad | E72: B307 | F72: Web Technologies | G72: Auwal Sagir Muhammad | H72: B307 | I72: Web Technologies | J72: Auwal Sagir Muhammad | K72: B307
B73: 10 May
A74: 11 | B74: 11 May | C74: Web Technologies | D74: Auwal Sagir Muhammad | E74: B307 | F74: Web Technologies | G74: Auwal Sagir Muhammad | H74: B307 | I74: Web Technologies | J74: Auwal Sagir Muhammad | K74: B307 | L74: German
B75: 12 May | C75: Mathematics III | D75: DING Pengyong | E75: B111 | F75: Mathematics III | G75: DING Pengyong | H75: B111 | I75: Mathematics III | J75: DING Pengyong | K75: B111 | L75: German
B76: 13 May | C76: Data Analytics & Machine Learning | D76: LIU Dejang | E76: B307 | F76: Data Analytics & Machine Learning | G76: LIU Dejang | H76: B307 | I76: Data Analytics & Machine Learning | J76: LIU Dejang | K76: B307 | L76: German
B77: 14 May | L77: German
B78: 15 May | C78: Networking and IoT Solutions | D78: RUAN Yujie | E78: B306 | F78: Networking and IoT Solutions | G78: RUAN Yujie | H78: B306 | I78: Networking and IoT Solutions | J78: RUAN Yujie | K78: B306 | L78: German
B79: 16 May
B80: 17 May
A81: 12 | B81: 18 May | C81: Exam Weeks
B82: 19 May
B83: 20 May
B84: 21 May
B85: 22 May
B86: 23 May
B87: 24 May
A88: 13 | B88: 25 May
B89: 26 May
B90: 27 May
B91: 28 May
B92: 29 May
B93: 30 May
B94: 31 May
A95: 14 | B95: 1 Jun. | O95: German | Q95: online
B96: 2 Jun. | O96: German | Q96: online
B97: 3 Jun. | O97: German | Q97: online
B98: 4 Jun. | O98: German | Q98: online
B99: 5 Jun. | O99: German | Q99: online
B100: 6 Jun.
B101: 7 Jun.
...

Sheet 2024DT3
A2: week | B2: date | C2: 1st Session | F2: 2nd Session | I2: 3rd Session | L2: 4th Session | O2: 5th Session | R2: 6th Session
C3: 8:30-10:00 | F3: 10:15-11:45 | I3: 14:30-16:00 | L3: 16:15-17:45 | O3: 18:35-20:05 | R3: 20:15-21:45
A4: 1 | B4: 2 Mar. | C4: Mathematics III | D4: WANG Chenguang | E4: B306 | F4: Mathematics III | G4: WANG Chenguang | H4: B306 | I4: Mathematics III | J4: WANG Chenguang | K4: B306 | L4: German | X4: Required TH | Y4: Required Sessions | Z4: Scheduled Sessions
B5: 3 Mar. | L5: German | V5: Mathematics III | W5: WANG Chenguang | X5: 60 | Y5: ==X5/2 -> 30 | Z5: ==COUNTIFS($C$4:$T$150,V5) -> 30
B6: 4 Mar. | C6: Web Technologies | D6: Auwal Sagir Muhammad | E6: B110 | F6: Web Technologies | G6: Auwal Sagir Muhammad | H6: B110 | I6: Web Technologies | J6: Auwal Sagir Muhammad | K6: B110 | L6: German | V6: Operations Research | W6: Pascal Reusch | X6: 40 | Y6: ==X6/2 -> 20 | Z6: ==COUNTIFS($C$4:$T$150,V6) -> 20
B7: 5 Mar. | C7: Data Analytics & Machine Learning | D7: LIU Dejang | E7: B307 | F7: Data Analytics & Machine Learning | G7: LIU Dejang | H7: B307 | I7: Data Analytics & Machine Learning | J7: LIU Dejang | K7: B307 | L7: German | V7: Data Analytics & Machine Learning | W7: LIU Dejang | X7: 60 | Y7: ==X7/2 -> 30 | Z7: ==COUNTIFS($C$4:$T$150,V7) -> 30
B8: 6 Mar. | C8: Operations Research | D8: Pascal Reusch | E8: B112 | F8: Operations Research | G8: Pascal Reusch | H8: B112 | I8: Operations Research | J8: Pascal Reusch | K8: B112 | L8: German | V8: Networking and IoT Solutions | W8: RUAN Yujue | X8: 60 | Y8: ==X8/2 -> 30 | Z8: ==COUNTIFS($C$4:$T$150,V8) -> 27
B9: 7 Mar. | V9: Web Technologies | W9: Auwal Sagir Muhammad | X9: 60 | Y9: ==X9/2 -> 30 | Z9: ==COUNTIFS($C$4:$T$150,V9) -> 30
B10: 8 Mar. | V10: German | X10: 180 | Y10: ==X10/2 -> 90 | Z10: ==COUNTIFS($C$4:$T$150,V10) -> 90
A11: 2 | B11: 9 Mar. | C11: Mathematics III | D11: WANG Chenguang | E11: B306 | F11: Mathematics III | G11: WANG Chenguang | H11: B306 | I11: Mathematics III | J11: WANG Chenguang | K11: B306 | L11: German
B12: 10 Mar. | C12: Networking and IoT Solutions | D12: RUAN Yujie | E12: B306 | F12: Networking and IoT Solutions | G12: RUAN Yujie | H12: B306 | I12: Networking and IoT Solutions | J12: RUAN Yujie | K12: B306 | L12: German
B13: 11 Mar. | C13: Web Technologies | D13: Auwal Sagir Muhammad | E13: B110 | F13: Web Technologies | G13: Auwal Sagir Muhammad | H13: B110 | I13: Web Technologies | J13: Auwal Sagir Muhammad | K13: B110 | L13: German
B14: 12 Mar. | C14: Data Analytics & Machine Learning | D14: LIU Dejang | E14: B307 | F14: Data Analytics & Machine Learning | G14: LIU Dejang | H14: B307 | I14: Data Analytics & Machine Learning | J14: LIU Dejang | K14: B307 | L14: German
B15: 13 Mar. | C15: Operations Research | D15: Pascal Reusch | E15: B112 | F15: Operations Research | G15: Pascal Reusch | H15: B112 | I15: Operations Research | J15: Pascal Reusch | K15: B112 | L15: German
B16: 14 Mar.
B17: 15 Mar.
A18: 3 | B18: 16 Mar. | C18: Mathematics III | D18: WANG Chenguang | E18: B306 | F18: Mathematics III | G18: WANG Chenguang | H18: B306 | I18: Mathematics III | J18: WANG Chenguang | K18: B306 | L18: German
B19: 17 Mar. | C19: Networking and IoT Solutions | D19: RUAN Yujie | E19: B306 | F19: Networking and IoT Solutions | G19: RUAN Yujie | H19: B306 | I19: Networking and IoT Solutions | J19: RUAN Yujie | K19: B306 | L19: German
B20: 18 Mar. | C20: Web Technologies | D20: Auwal Sagir Muhammad | E20: B110 | F20: Web Technologies | G20: Auwal Sagir Muhammad | H20: B110 | I20: Web Technologies | J20: Auwal Sagir Muhammad | K20: B110 | L20: German
B21: 19 Mar. | C21: Data Analytics & Machine Learning | D21: LIU Dejang | E21: B307 | F21: Data Analytics & Machine Learning | G21: LIU Dejang | H21: B307 | I21: Data Analytics & Machine Learning | J21: LIU Dejang | K21: B307 | L21: German
B22: 20 Mar. | C22: Operations Research | D22: Pascal Reusch | E22: B112 | F22: Operations Research | G22: Pascal Reusch | H22: B112 | I22: Operations Research | J22: Pascal Reusch | K22: B112 | L22: German
B23: 21 Mar.
B24: 22 Mar.
A25: 4 | B25: 23 Mar. | C25: Mathematics III | D25: WANG Chenguang | E25: B306 | F25: Mathematics III | G25: WANG Chenguang | H25: B306 | I25: Mathematics III | J25: WANG Chenguang | K25: B306 | L25: German
B26: 24 Mar. | C26: Networking and IoT Solutions | D26: RUAN Yujie | E26: B306 | F26: Networking and IoT Solutions | G26: RUAN Yujie | H26: B306 | I26: Networking and IoT Solutions | J26: RUAN Yujie | K26: B306 | L26: German
B27: 25 Mar. | C27: Web Technologies | D27: Auwal Sagir Muhammad | E27: B110 | F27: Web Technologies | G27: Auwal Sagir Muhammad | H27: B110 | I27: Web Technologies | J27: Auwal Sagir Muhammad | K27: B110 | L27: German
B28: 26 Mar. | C28: Data Analytics & Machine Learning | D28: LIU Dejang | E28: B307 | F28: Data Analytics & Machine Learning | G28: LIU Dejang | H28: B307 | I28: Data Analytics & Machine Learning | J28: LIU Dejang | K28: B307 | L28: German
B29: 27 Mar. | C29: Operations Research | D29: Pascal Reusch | E29: B112 | F29: Operations Research | G29: Pascal Reusch | H29: B112 | I29: Operations Research | J29: Pascal Reusch | K29: B112 | L29: German
B30: 28 Mar.
B31: 29 Mar.
A32: 5 | B32: 30 Mar. | C32: Mathematics III | D32: WANG Chenguang | E32: B306 | F32: Mathematics III | G32: WANG Chenguang | H32: B306 | I32: Mathematics III | J32: WANG Chenguang | K32: B306 | L32: German
B33: 31 Mar. | C33: Networking and IoT Solutions | D33: RUAN Yujie | E33: B306 | F33: Networking and IoT Solutions | G33: RUAN Yujie | H33: B306 | I33: Networking and IoT Solutions | J33: RUAN Yujie | K33: B306 | L33: German
B34: 1 Apr. | C34: Web Technologies | D34: Auwal Sagir Muhammad | E34: B110 | F34: Web Technologies | G34: Auwal Sagir Muhammad | H34: B110 | I34: Web Technologies | J34: Auwal Sagir Muhammad | K34: B110 | L34: German
B35: 2 Apr. | C35: Data Analytics & Machine Learning | D35: LIU Dejang | E35: B307 | F35: Data Analytics & Machine Learning | G35: LIU Dejang | H35: B307 | I35: Data Analytics & Machine Learning | J35: LIU Dejang | K35: B307 | L35: German
B36: 3 Apr. | C36: Operations Research | D36: Pascal Reusch | E36: B112 | F36: Operations Research | G36: Pascal Reusch | H36: B112 | I36: Operations Research | J36: Pascal Reusch | K36: B112 | L36: German
B37: 4 Apr. | C37: Holiday
B38: 5 Apr.
A39: 6 | B39: 6 Apr.
B40: 7 Apr. | C40: Networking and IoT Solutions | D40: RUAN Yujie | E40: B306 | F40: Networking and IoT Solutions | G40: RUAN Yujie | H40: B306 | I40: Networking and IoT Solutions | J40: RUAN Yujie | K40: B306 | L40: German
B41: 8 Apr. | C41: Web Technologies | D41: Auwal Sagir Muhammad | E41: B110 | F41: Web Technologies | G41: Auwal Sagir Muhammad | H41: B110 | I41: Web Technologies | J41: Auwal Sagir Muhammad | K41: B110 | L41: German
B42: 9 Apr. | C42: Data Analytics & Machine Learning | D42: LIU Dejang | E42: B307 | F42: Data Analytics & Machine Learning | G42: LIU Dejang | H42: B307 | I42: Data Analytics & Machine Learning | J42: LIU Dejang | K42: B307 | L42: German
B43: 10 Apr. | C43: Operations Research | D43: Pascal Reusch | E43: B112 | F43: Operations Research | G43: Pascal Reusch | H43: B112 | I43: Operations Research | J43: Pascal Reusch | K43: B112 | L43: German
B44: 11 Apr. | C44: Operations Research | D44: Pascal Reusch | E44: B105 | F44: Operations Research | G44: Pascal Reusch | H44: B105
B45: 12 Apr.
A46: 7 | B46: 13 Apr. | C46: Mathematics III | D46: WANG Chenguang | E46: B306 | F46: Mathematics III | G46: WANG Chenguang | H46: B306 | I46: Mathematics III | J46: WANG Chenguang | K46: B306 | L46: German
B47: 14 Apr. | C47: Networking and IoT Solutions | D47: RUAN Yujie | E47: B306 | F47: Networking and IoT Solutions | G47: RUAN Yujie | H47: B306 | I47: Networking and IoT Solutions | J47: RUAN Yujie | K47: B306 | L47: German
B48: 15 Apr. | C48: Web Technologies | D48: Auwal Sagir Muhammad | E48: B110 | F48: Web Technologies | G48: Auwal Sagir Muhammad | H48: B110 | I48: Web Technologies | J48: Auwal Sagir Muhammad | K48: B110 | L48: German
B49: 16 Apr. | C49: Data Analytics & Machine Learning | D49: LIU Dejang | E49: B307 | F49: Data Analytics & Machine Learning | G49: LIU Dejang | H49: B307 | I49: Data Analytics & Machine Learning | J49: LIU Dejang | K49: B307 | L49: German
B50: 17 Apr. | L50: German
B51: 18 Apr.
B52: 19 Apr.
A53: 8 | B53: 20 Apr. | C53: Mathematics III | D53: WANG Chenguang | E53: B306 | F53: Mathematics III | G53: WANG Chenguang | H53: B306 | I53: Mathematics III | J53: WANG Chenguang | K53: B306 | L53: German
B54: 21 Apr. | C54: Networking and IoT Solutions | D54: RUAN Yujie | E54: B306 | F54: Networking and IoT Solutions | G54: RUAN Yujie | H54: B306 | I54: Networking and IoT Solutions | J54: RUAN Yujie | K54: B306 | L54: German
B55: 22 Apr. | C55: Web Technologies | D55: Auwal Sagir Muhammad | E55: B110 | F55: Web Technologies | G55: Auwal Sagir Muhammad | H55: B110 | I55: Web Technologies | J55: Auwal Sagir Muhammad | K55: B110 | L55: German
B56: 23 Apr. | C56: Data Analytics & Machine Learning | D56: LIU Dejang | E56: B307 | F56: Data Analytics & Machine Learning | G56: LIU Dejang | H56: B307 | I56: Data Analytics & Machine Learning | J56: LIU Dejang | K56: B307 | L56: German
B57: 24 Apr. | L57: German
B58: 25 Apr.
B59: 26 Apr.
A60: 9 | B60: 27 Apr. | C60: Mathematics III | D60: WANG Chenguang | E60: B306 | F60: Mathematics III | G60: WANG Chenguang | H60: B306 | I60: Mathematics III | J60: WANG Chenguang | K60: B306 | L60: German
B61: 28 Apr. | C61: Networking and IoT Solutions | D61: RUAN Yujie | E61: B306 | F61: Networking and IoT Solutions | G61: RUAN Yujie | H61: B306 | I61: Networking and IoT Solutions | J61: RUAN Yujie | K61: B306 | L61: German
B62: 29 Apr. | C62: Web Technologies | D62: Auwal Sagir Muhammad | E62: B110 | F62: Web Technologies | G62: Auwal Sagir Muhammad | H62: B110 | I62: Web Technologies | J62: Auwal Sagir Muhammad | K62: B110 | L62: German
B63: 30 Apr. | C63: Data Analytics & Machine Learning | D63: LIU Dejang | E63: B307 | F63: Data Analytics & Machine Learning | G63: LIU Dejang | H63: B307 | I63: Data Analytics & Machine Learning | J63: LIU Dejang | K63: B307 | L63: German
B64: 1 May | C64: Holiday
B65: 2 May
B66: 3 May
A67: 10 | B67: 4 May
B68: 5 May
B69: 6 May | L69: German
B70: 7 May | L70: German
B71: 8 May | L71: German
B72: 9 May | C72: Mathematics III | D72: WANG Chenguang | E72: B306 | F72: Mathematics III | G72: WANG Chenguang | H72: B306 | I72: Mathematics III | J72: WANG Chenguang | K72: B306
B73: 10 May
A74: 11 | B74: 11 May | C74: Mathematics III | D74: WANG Chenguang | E74: B306 | F74: Mathematics III | G74: WANG Chenguang | H74: B306 | I74: Mathematics III | J74: WANG Chenguang | K74: B306 | L74: German
B75: 12 May | C75: Networking and IoT Solutions | D75: RUAN Yujie | E75: B306 | F75: Networking and IoT Solutions | G75: RUAN Yujie | H75: B306 | I75: Networking and IoT Solutions | J75: RUAN Yujie | K75: B306 | L75: German
B76: 13 May | C76: Web Technologies | D76: Auwal Sagir Muhammad | E76: B110 | F76: Web Technologies | G76: Auwal Sagir Muhammad | H76: B110 | I76: Web Technologies | J76: Auwal Sagir Muhammad | K76: B110 | L76: German
B77: 14 May | C77: Data Analytics & Machine Learning | D77: LIU Dejang | E77: B307 | F77: Data Analytics & Machine Learning | G77: LIU Dejang | H77: B307 | I77: Data Analytics & Machine Learning | J77: LIU Dejang | K77: B307 | L77: German
B78: 15 May | L78: German
B79: 16 May
B80: 17 May
A81: 12 | B81: 18 May | C81: Exam Weeks
B82: 19 May
B83: 20 May
B84: 21 May
B85: 22 May
B86: 23 May
B87: 24 May
A88: 13 | B88: 25 May
B89: 26 May
B90: 27 May
B91: 28 May
B92: 29 May
B93: 30 May
B94: 31 May
A95: 14 | B95: 1 Jun. | O95: German | Q95: online
B96: 2 Jun. | O96: German | Q96: online
B97: 3 Jun. | O97: German | Q97: online
B98: 4 Jun. | O98: German | Q98: online
B99: 5 Jun. | O99: German | Q99: online
B100: 6 Jun.
B101: 7 Jun.
...

Sheet 2023CS
A2: week | B2: date | C2: 1st Session | F2: 2nd Session | I2: 3rd Session | L2: 4th Session | O2: 5th Session | R2: 6th Session
C3: 8:30-10:00 | F3: 10:15-11:45 | I3: 14:30-16:00 | L3: 16:15-17:45 | O3: 18:35-20:05 | R3: 20:15-21:45
A4: 1 | B4: 2 Mar. | C4: German | F4: Deep Learning | H4: A412 | I4: Deep Learning | K4: A412 | L4: Deep Learning | N4: A412 | X4: Required TH | Y4: Required Sessions | Z4: Scheduled Sessions
B5: 3 Mar. | C5: German | F5: Deep Learning | H5: A412 | I5: Deep Learning | K5: A412 | L5: Deep Learning | N5: A412 | V5: Deep Learning | X5: 60 | Y5: ==X5/2 -> 30 | Z5: ==COUNTIFS($C$4:$T$150,V5) -> 30
B6: 4 Mar. | C6: German | F6: Deep Learning | H6: A412 | I6: Deep Learning | K6: A412 | L6: Deep Learning | N6: A412 | V6: Image Recognition | X6: 60 | Y6: ==X6/2 -> 30 | Z6: ==COUNTIFS($C$4:$T$150,V6) -> 30
B7: 5 Mar. | C7: German | F7: Deep Learning | H7: A412 | I7: Deep Learning | K7: A412 | L7: Deep Learning | N7: A412 | V7: Internet Security | X7: 60 | Y7: ==X7/2 -> 30 | Z7: ==COUNTIFS($C$4:$T$150,V7) -> 30
B8: 6 Mar. | C8: German | F8: Deep Learning | H8: A412 | I8: Deep Learning | K8: A412 | L8: Deep Learning | N8: A412 | V8: Computer Networks | X8: 60 | Y8: ==X8/2 -> 30 | Z8: ==COUNTIFS($C$4:$T$150,V8) -> 30
B9: 7 Mar. | V9: German | X9: 180 | Y9: ==X9/2 -> 90 | Z9: ==COUNTIFS($C$4:$T$150,V9) -> 90
B10: 8 Mar.
A11: 2 | B11: 9 Mar. | C11: German | F11: Deep Learning | H11: A412 | I11: Deep Learning | K11: A412 | L11: Deep Learning | N11: A412
B12: 10 Mar. | C12: German | F12: Deep Learning | H12: A412 | I12: Deep Learning | K12: A412 | L12: Deep Learning | N12: A412
B13: 11 Mar. | C13: German | F13: Deep Learning | H13: A412 | I13: Deep Learning | K13: A412 | L13: Deep Learning | N13: A412
B14: 12 Mar. | C14: German | F14: Deep Learning | H14: A412 | I14: Deep Learning | K14: A412 | L14: Deep Learning | N14: A412
B15: 13 Mar. | C15: German | F15: Deep Learning | H15: A412 | I15: Deep Learning | K15: A412 | L15: Deep Learning | N15: A412
B16: 14 Mar.
B17: 15 Mar.
A18: 3 | B18: 16 Mar. | C18: German | F18: Image Recognition | H18: A412 | I18: Image Recognition | K18: A412 | L18: Image Recognition | N18: A412
B19: 17 Mar. | C19: German | F19: Image Recognition | H19: A412 | I19: Image Recognition | K19: A412 | L19: Image Recognition | N19: A412
B20: 18 Mar. | C20: German | F20: Image Recognition | H20: A412 | I20: Image Recognition | K20: A412 | L20: Image Recognition | N20: A412
B21: 19 Mar. | C21: German | F21: Image Recognition | H21: A412 | I21: Image Recognition | K21: A412 | L21: Image Recognition | N21: A412
B22: 20 Mar. | C22: German | F22: Image Recognition | H22: A412 | I22: Image Recognition | K22: A412 | L22: Image Recognition | N22: A412
B23: 21 Mar.
B24: 22 Mar.
A25: 4 | B25: 23 Mar. | C25: German | F25: Image Recognition | H25: A412 | I25: Image Recognition | K25: A412 | L25: Image Recognition | N25: A412
B26: 24 Mar. | C26: German | F26: Image Recognition | H26: A412 | I26: Image Recognition | K26: A412 | L26: Image Recognition | N26: A412
B27: 25 Mar. | C27: German | F27: Image Recognition | H27: A412 | I27: Image Recognition | K27: A412 | L27: Image Recognition | N27: A412
B28: 26 Mar. | C28: German | F28: Image Recognition | H28: A412 | I28: Image Recognition | K28: A412 | L28: Image Recognition | N28: A412
B29: 27 Mar. | C29: German | F29: Image Recognition | H29: A412 | I29: Image Recognition | K29: A412 | L29: Image Recognition | N29: A412
B30: 28 Mar.
B31: 29 Mar.
A32: 5 | B32: 30 Mar. | C32: German | F32: Internet Security | H32: A412 | I32: Internet Security | K32: A412 | L32: Internet Security | N32: A412
B33: 31 Mar. | C33: German | F33: Internet Security | H33: A412 | I33: Internet Security | K33: A412 | L33: Internet Security | N33: A412
B34: 1 Apr. | C34: German | F34: Internet Security | H34: A412 | I34: Internet Security | K34: A412 | L34: Internet Security | N34: A412
B35: 2 Apr. | C35: German | F35: Internet Security | H35: A412 | I35: Internet Security | K35: A412 | L35: Internet Security | N35: A412
B36: 3 Apr. | C36: German | F36: Internet Security | H36: A412 | I36: Internet Security | K36: A412 | L36: Internet Security | N36: A412
B37: 4 Apr. | C37: Holiday
B38: 5 Apr.
A39: 6 | B39: 6 Apr.
B40: 7 Apr. | C40: German | F40: Internet Security | H40: A412 | I40: Internet Security | K40: A412 | L40: Internet Security | N40: A412
B41: 8 Apr. | C41: German | F41: Internet Security | H41: A412 | I41: Internet Security | K41: A412 | L41: Internet Security | N41: A412
B42: 9 Apr. | C42: German | F42: Internet Security | H42: A412 | I42: Internet Security | K42: A412 | L42: Internet Security | N42: A412
B43: 10 Apr. | C43: German | F43: Internet Security | H43: A412 | I43: Internet Security | K43: A412 | L43: Internet Security | N43: A412
B44: 11 Apr.
B45: 12 Apr.
A46: 7 | B46: 13 Apr. | C46: German | F46: Internet Security | H46: A412 | I46: Internet Security | K46: A412 | L46: Internet Security | N46: A412
B47: 14 Apr. | C47: German | F47: Computer Networks | H47: A412 | I47: Computer Networks | K47: A412 | L47: Computer Networks | N47: A412
B48: 15 Apr. | C48: German | F48: Computer Networks | H48: A412 | I48: Computer Networks | K48: A412 | L48: Computer Networks | N48: A412
B49: 16 Apr. | C49: German | F49: Computer Networks | H49: A412 | I49: Computer Networks | K49: A412 | L49: Computer Networks | N49: A412
B50: 17 Apr. | C50: German | F50: Computer Networks | H50: A412 | I50: Computer Networks | K50: A412 | L50: Computer Networks | N50: A412
B51: 18 Apr.
B52: 19 Apr.
A53: 8 | B53: 20 Apr. | C53: German | F53: Computer Networks | H53: A412 | I53: Computer Networks | K53: A412 | L53: Computer Networks | N53: A412
B54: 21 Apr. | C54: German | F54: Computer Networks | H54: A412 | I54: Computer Networks | K54: A412 | L54: Computer Networks | N54: A412
B55: 22 Apr. | C55: German | F55: Computer Networks | H55: A412 | I55: Computer Networks | K55: A412 | L55: Computer Networks | N55: A412
B56: 23 Apr. | C56: German | F56: Computer Networks | H56: A412 | I56: Computer Networks | K56: A412 | L56: Computer Networks | N56: A412
B57: 24 Apr. | C57: German | F57: Computer Networks | H57: A412 | I57: Computer Networks | K57: A412 | L57: Computer Networks | N57: A412
B58: 25 Apr.
B59: 26 Apr.
A60: 9 | B60: 27 Apr. | C60: German | F60: Computer Networks | H60: A412 | I60: Computer Networks | K60: A412 | L60: Computer Networks | N60: A412
B61: 28 Apr. | C61: German
B62: 29 Apr. | C62: German
B63: 30 Apr. | C63: German
B64: 1 May | C64: Holiday
B65: 2 May
B66: 3 May
A67: 10 | B67: 4 May
B68: 5 May
B69: 6 May | C69: German
B70: 7 May | C70: German
B71: 8 May | C71: German
B72: 9 May
B73: 10 May
A74: 11 | B74: 11 May | C74: German
B75: 12 May | C75: German
B76: 13 May | C76: German
B77: 14 May | C77: German
B78: 15 May | C78: German
B79: 16 May
B80: 17 May
A81: 12 | B81: 18 May | C81: Exam Weeks
B82: 19 May
B83: 20 May
B84: 21 May
B85: 22 May
B86: 23 May
B87: 24 May
A88: 13 | B88: 25 May
B89: 26 May
B90: 27 May
B91: 28 May
B92: 29 May
B93: 30 May
B94: 31 May
A95: 14 | B95: 1 Jun. | O95: German | Q95: online
B96: 2 Jun. | O96: German | Q96: online
B97: 3 Jun. | O97: German | Q97: online
B98: 4 Jun. | O98: German | Q98: online
B99: 5 Jun. | O99: German | Q99: online
B100: 6 Jun.
B101: 7 Jun.
...

Sheet 2023DT
A2: week | B2: date | C2: 1st Session | F2: 2nd Session | I2: 3rd Session | L2: 4th Session | O2: 5th Session | R2: 6th Session
C3: 8:30-10:00 | F3: 10:15-11:45 | I3: 14:30-16:00 | L3: 16:15-17:45 | O3: 18:35-20:05 | R3: 20:15-21:45
A4: 1 | B4: 2 Mar. | C4: Safety & Security | E4: A413 | F4: Safety & Security | H4: A413 | I4: Safety & Security | K4: A413 | L4: German | X4: Required TH | Y4: Required Sessions | Z4: Scheduled Sessions
B5: 3 Mar. | C5: Assistance Systems | D5: Kamran Aziz | E5: A413 | F5: Assistance Systems | G5: Kamran Aziz | H5: A413 | I5: Assistance Systems | J5: Kamran Aziz | K5: A413 | L5: German | V5: Safety & Security | X5: 60 | Y5: ==X5/2 -> 30 | Z5: ==COUNTIFS($C$4:$T$150,V5) -> 30
B6: 4 Mar. | C6: Speech and Image Recognition | D6: Kamran Aziz | E6: A413 | F6: Speech and Image Recognition | G6: Kamran Aziz | H6: A413 | I6: Speech and Image Recognition | J6: Kamran Aziz | K6: A413 | L6: German | V6: Assistance Systems | W6: Kamran Aziz | X6: 60 | Y6: ==X6/2 -> 30 | Z6: ==COUNTIFS($C$4:$T$150,V6) -> 30
B7: 5 Mar. | C7: Software Engineering | E7: A413 | F7: Software Engineering | H7: A413 | I7: Software Engineering | K7: A413 | L7: German | V7: Speech and Image Recognition | W7: Kamran Aziz | X7: 60 | Y7: ==X7/2 -> 30 | Z7: ==COUNTIFS($C$4:$T$150,V7) -> 30
B8: 6 Mar. | C8: Business Process Modelling and IT Systems | E8: A413 | F8: Business Process Modelling and IT Systems | H8: A413 | I8: Business Process Modelling and IT Systems | K8: A413 | L8: German | V8: Software Engineering | X8: 60 | Y8: ==X8/2 -> 30 | Z8: ==COUNTIFS($C$4:$T$150,V8) -> 30
B9: 7 Mar. | V9: Business Process Modelling and IT Systems | X9: 60 | Y9: ==X9/2 -> 30 | Z9: ==COUNTIFS($C$4:$T$150,V9) -> 30
B10: 8 Mar. | V10: German | X10: 180 | Y10: ==X10/2 -> 90 | Z10: ==COUNTIFS($C$4:$T$150,V10) -> 90
A11: 2 | B11: 9 Mar. | C11: Safety & Security | E11: A413 | F11: Safety & Security | H11: A413 | I11: Safety & Security | K11: A413 | L11: German
B12: 10 Mar. | C12: Assistance Systems | D12: Kamran Aziz | E12: A413 | F12: Assistance Systems | G12: Kamran Aziz | H12: A413 | I12: Assistance Systems | J12: Kamran Aziz | K12: A413 | L12: German
B13: 11 Mar. | C13: Speech and Image Recognition | D13: Kamran Aziz | E13: A413 | F13: Speech and Image Recognition | G13: Kamran Aziz | H13: A413 | I13: Speech and Image Recognition | J13: Kamran Aziz | K13: A413 | L13: German
B14: 12 Mar. | C14: Software Engineering | E14: A413 | F14: Software Engineering | H14: A413 | I14: Software Engineering | K14: A413 | L14: German
B15: 13 Mar. | C15: Business Process Modelling and IT Systems | E15: A413 | F15: Business Process Modelling and IT Systems | H15: A413 | I15: Business Process Modelling and IT Systems | K15: A413 | L15: German
B16: 14 Mar.
B17: 15 Mar.
A18: 3 | B18: 16 Mar. | C18: Safety & Security | E18: A413 | F18: Safety & Security | H18: A413 | I18: Safety & Security | K18: A413 | L18: German
B19: 17 Mar. | C19: Assistance Systems | D19: Kamran Aziz | E19: A413 | F19: Assistance Systems | G19: Kamran Aziz | H19: A413 | I19: Assistance Systems | J19: Kamran Aziz | K19: A413 | L19: German
B20: 18 Mar. | C20: Speech and Image Recognition | D20: Kamran Aziz | E20: A413 | F20: Speech and Image Recognition | G20: Kamran Aziz | H20: A413 | I20: Speech and Image Recognition | J20: Kamran Aziz | K20: A413 | L20: German
B21: 19 Mar. | C21: Software Engineering | E21: A413 | F21: Software Engineering | H21: A413 | I21: Software Engineering | K21: A413 | L21: German
B22: 20 Mar. | C22: Business Process Modelling and IT Systems | E22: A413 | F22: Business Process Modelling and IT Systems | H22: A413 | I22: Business Process Modelling and IT Systems | K22: A413 | L22: German
B23: 21 Mar.
B24: 22 Mar.
A25: 4 | B25: 23 Mar. | C25: Safety & Security | E25: A413 | F25: Safety & Security | H25: A413 | I25: Safety & Security | K25: A413 | L25: German
B26: 24 Mar. | C26: Assistance Systems | D26: Kamran Aziz | E26: A413 | F26: Assistance Systems | G26: Kamran Aziz | H26: A413 | I26: Assistance Systems | J26: Kamran Aziz | K26: A413 | L26: German
B27: 25 Mar. | C27: Speech and Image Recognition | D27: Kamran Aziz | E27: A413 | F27: Speech and Image Recognition | G27: Kamran Aziz | H27: A413 | I27: Speech and Image Recognition | J27: Kamran Aziz | K27: A413 | L27: German
B28: 26 Mar. | C28: Software Engineering | E28: A413 | F28: Software Engineering | H28: A413 | I28: Software Engineering | K28: A413 | L28: German
B29: 27 Mar. | C29: Business Process Modelling and IT Systems | E29: A413 | F29: Business Process Modelling and IT Systems | H29: A413 | I29: Business Process Modelling and IT Systems | K29: A413 | L29: German
B30: 28 Mar.
B31: 29 Mar.
A32: 5 | B32: 30 Mar. | C32: Safety & Security | E32: A413 | F32: Safety & Security | H32: A413 | I32: Safety & Security | K32: A413 | L32: German
B33: 31 Mar. | C33: Assistance Systems | D33: Kamran Aziz | E33: A413 | F33: Assistance Systems | G33: Kamran Aziz | H33: A413 | I33: Assistance Systems | J33: Kamran Aziz | K33: A413 | L33: German
B34: 1 Apr. | C34: Speech and Image Recognition | D34: Kamran Aziz | E34: A413 | F34: Speech and Image Recognition | G34: Kamran Aziz | H34: A413 | I34: Speech and Image Recognition | J34: Kamran Aziz | K34: A413 | L34: German
B35: 2 Apr. | C35: Software Engineering | E35: A413 | F35: Software Engineering | H35: A413 | I35: Software Engineering | K35: A413 | L35: German
B36: 3 Apr. | C36: Business Process Modelling and IT Systems | E36: A413 | F36: Business Process Modelling and IT Systems | H36: A413 | I36: Business Process Modelling and IT Systems | K36: A413 | L36: German
B37: 4 Apr. | C37: Holiday
B38: 5 Apr.
A39: 6 | B39: 6 Apr.
B40: 7 Apr. | C40: Assistance Systems | D40: Kamran Aziz | E40: A413 | F40: Assistance Systems | G40: Kamran Aziz | H40: A413 | I40: Assistance Systems | J40: Kamran Aziz | K40: A413 | L40: German
B41: 8 Apr. | C41: Speech and Image Recognition | D41: Kamran Aziz | E41: A413 | F41: Speech and Image Recognition | G41: Kamran Aziz | H41: A413 | I41: Speech and Image Recognition | J41: Kamran Aziz | K41: A413 | L41: German
B42: 9 Apr. | C42: Software Engineering | E42: A413 | F42: Software Engineering | H42: A413 | I42: Software Engineering | K42: A413 | L42: German
B43: 10 Apr. | C43: Business Process Modelling and IT Systems | E43: A413 | F43: Business Process Modelling and IT Systems | H43: A413 | I43: Business Process Modelling and IT Systems | K43: A413 | L43: German
B44: 11 Apr.
B45: 12 Apr.
A46: 7 | B46: 13 Apr. | C46: Safety & Security | E46: A413 | F46: Safety & Security | H46: A413 | I46: Safety & Security | K46: A413 | L46: German
B47: 14 Apr. | C47: Assistance Systems | D47: Kamran Aziz | E47: A413 | F47: Assistance Systems | G47: Kamran Aziz | H47: A413 | I47: Assistance Systems | J47: Kamran Aziz | K47: A413 | L47: German
B48: 15 Apr. | C48: Speech and Image Recognition | D48: Kamran Aziz | E48: A413 | F48: Speech and Image Recognition | G48: Kamran Aziz | H48: A413 | I48: Speech and Image Recognition | J48: Kamran Aziz | K48: A413 | L48: German
B49: 16 Apr. | C49: Software Engineering | E49: A413 | F49: Software Engineering | H49: A413 | I49: Software Engineering | K49: A413 | L49: German
B50: 17 Apr. | C50: Business Process Modelling and IT Systems | E50: A413 | F50: Business Process Modelling and IT Systems | H50: A413 | I50: Business Process Modelling and IT Systems | K50: A413 | L50: German
B51: 18 Apr.
B52: 19 Apr.
A53: 8 | B53: 20 Apr. | C53: Safety & Security | E53: A413 | F53: Safety & Security | H53: A413 | I53: Safety & Security | K53: A413 | L53: German
B54: 21 Apr. | C54: Assistance Systems | D54: Kamran Aziz | E54: A413 | F54: Assistance Systems | G54: Kamran Aziz | H54: A413 | I54: Assistance Systems | J54: Kamran Aziz | K54: A413 | L54: German
B55: 22 Apr. | C55: Speech and Image Recognition | D55: Kamran Aziz | E55: A413 | F55: Speech and Image Recognition | G55: Kamran Aziz | H55: A413 | I55: Speech and Image Recognition | J55: Kamran Aziz | K55: A413 | L55: German
B56: 23 Apr. | C56: Software Engineering | E56: A413 | F56: Software Engineering | H56: A413 | I56: Software Engineering | K56: A413 | L56: German
B57: 24 Apr. | C57: Business Process Modelling and IT Systems | E57: A413 | F57: Business Process Modelling and IT Systems | H57: A413 | I57: Business Process Modelling and IT Systems | K57: A413 | L57: German
B58: 25 Apr.
B59: 26 Apr.
A60: 9 | B60: 27 Apr. | C60: Safety & Security | E60: A413 | F60: Safety & Security | H60: A413 | I60: Safety & Security | K60: A413 | L60: German
B61: 28 Apr. | C61: Assistance Systems | D61: Kamran Aziz | E61: A413 | F61: Assistance Systems | G61: Kamran Aziz | H61: A413 | I61: Assistance Systems | J61: Kamran Aziz | K61: A413 | L61: German
B62: 29 Apr. | C62: Speech and Image Recognition | D62: Kamran Aziz | E62: A413 | F62: Speech and Image Recognition | G62: Kamran Aziz | H62: A413 | I62: Speech and Image Recognition | J62: Kamran Aziz | K62: A413 | L62: German
B63: 30 Apr. | C63: Software Engineering | E63: A413 | F63: Software Engineering | H63: A413 | I63: Software Engineering | K63: A413 | L63: German
B64: 1 May | C64: Holiday
B65: 2 May
B66: 3 May
A67: 10 | B67: 4 May
B68: 5 May
B69: 6 May | L69: German
B70: 7 May | L70: German
B71: 8 May | C71: Business Process Modelling and IT Systems | E71: A413 | F71: Business Process Modelling and IT Systems | H71: A413 | I71: Business Process Modelling and IT Systems | K71: A413 | L71: German
B72: 9 May | C72: Safety & Security | E72: A413 | F72: Safety & Security | H72: A413 | I72: Safety & Security | K72: A413
B73: 10 May
A74: 11 | B74: 11 May | C74: Safety & Security | E74: A413 | F74: Safety & Security | H74: A413 | I74: Safety & Security | K74: A413 | L74: German
B75: 12 May | C75: Assistance Systems | D75: Kamran Aziz | E75: A413 | F75: Assistance Systems | G75: Kamran Aziz | H75: A413 | I75: Assistance Systems | J75: Kamran Aziz | K75: A413 | L75: German
B76: 13 May | C76: Speech and Image Recognition | D76: Kamran Aziz | E76: A413 | F76: Speech and Image Recognition | G76: Kamran Aziz | H76: A413 | I76: Speech and Image Recognition | J76: Kamran Aziz | K76: A413 | L76: German
B77: 14 May | C77: Software Engineering | E77: A413 | F77: Software Engineering | H77: A413 | I77: Software Engineering | K77: A413 | L77: German
B78: 15 May | C78: Business Process Modelling and IT Systems | E78: A413 | F78: Business Process Modelling and IT Systems | H78: A413 | I78: Business Process Modelling and IT Systems | K78: A413 | L78: German
B79: 16 May
B80: 17 May
A81: 12 | B81: 18 May | C81: Exam Weeks
B82: 19 May
B83: 20 May
